"study_number"	"Method"	"fungus_species"	"fungus_strain"	"diet"	"host_species"	"construct/plasmid"	"promotor"	"target_gene"	"dsRNA_length"	"number_of_constructs"	"target_length"	"target_region_start"	"target_region_end"	"resistance"	"resistance_measurement"	"time_of_measurement(dpi)"	"transformation_method"	"publication"	"DOI"	"Needs to be checked"	"what to check"	"useful"	"problems"	"problems2"
1	"HIGS"	"Phytophthora infestans"	"oomycete"	"biotroph"	"potato"	"hairpin/pGWB1"	"CaMV35s"	"Pi_Avr3a14368"	444	1				62				"Sanju et al. 2015"	"https://doi.org/10.1007/s10142-015-0446-z"	"x"	"P"			
2	"HIGS"	"Phytophthora infestans"	"oomycete"	"biotroph"	"potato"	"hairpin/pBI121"	"UBQ1"	"G-protein β-subunit (PiGPB1) (Latijnhouwers and Govers, 2003)"	491	1				75	"DNA"			"Jahan et al. 2015"	"https://doi.org/10.1093/jxb/erv094"	"x"				
2	"HIGS"	"Phytophthora infestans"	"oomycete"	"biotroph"	"potato"	"hairpin/pBI122"	"UBQ2"	"cellulose synthase A2(PiCESA2) (Grenville-Briggs et al., 2008)"	451	1				60				"Jahan et al. 2016"	"https://doi.org/10.1093/jxb/erv095"	"x"	"time of measurement"			
2	"HIGS"	"Phytophthora infestans"	"oomycete"	"biotroph"	"potato"	"hairpin/pBI123"	"UBQ3"	"pectinesterase (PiPEC) (Ospina-Giraldo et al., 2010a)"	479	1				40				"Jahan et al. 2017"	"https://doi.org/10.1093/jxb/erv096"	"x"	"time of measurement"			
2	"HIGS"	"Phytophthora infestans"	"oomycete"	"biotroph"	"potato"	"hairpin/pBI124"	"UBQ4"	"constitutive glyceraldehyde 3-phosphate dehydrogenase (PiGAPDH) "	155	1				50				"Jahan et al. 2018"	"https://doi.org/10.1093/jxb/erv097"	"x"	"time of measurement"			
3	"HIGS"	"Phytophthora parasitica"	"oomycete"	"biotroph"	"arabidopsis"	"pKANNIBAL"	"CaMV35s"	"GFP"	612	1								"Zhang et al. 2011"	"https://doi.org/10.1371/journal.pone.0028114"	"x"	"Resistance & time of measurement"			
4	"HIGS"	"Phytophthora parasitica"	"oomycete"	"biotroph"	"tobacco N. tabacum"	"pCambia 2300"	"CaMV35s"	"gluthathione S-transferase"	200	1								"Hernandez et al. 2009"	"https://doi.org/10.1016/j.bbrc.2009.07.003"	"x"	"Resistance & time of measurement"			
5	"HIGS"	"Blumeria graminis tritici"	"Ascomycet "	"biotroph"	"wheat"	"pIPKb007 "	"maize ubiquitin promotor"	"SvrPm3^a1/f1                                                                                      "						46	"haustorium"	2	"particle bombarding"	"Schaefer et al. 2020"	"https://doi.org/10.3389/fpls.2020.00253"					
5	"HIGS"	"Blumeria graminis tritici"	"Ascomycet "	"biotroph"	"wheat"	"pIPKb007 "	"maize ubiquitin promotor"	"SvrPm3^a1/f1                                                                                      "						71	"reduction"	70	"particle bombarding"	"Schaefer et al. 2020"	"https://doi.org/10.3389/fpls.2020.00253"	"x"	"Resistance measurement"			
5	"HIGS"	"Blumeria graminis tritici"	"Ascomycet "	"biotroph"	"wheat"	"pIPKb007 "	"maize ubiquitin promotor"	"SvrPm3^a1/f1                                                                                      "						69	"reduction"	92	"particle bombarding"	"Schaefer et al. 2020"	"https://doi.org/10.3389/fpls.2020.00253"	"x"	"Resistance measurement"			
5	"HIGS"	"Blumeria graminis tritici"	"Ascomycet "	"biotroph"	"wheat"	"pIPKb007 "	"maize ubiquitin promotor"	"SvrPm3^a1/f1                                                                                      "						60	"reduction"	78	"particle bombarding"	"Schaefer et al. 2020"	"https://doi.org/10.3389/fpls.2020.00253"	"x"	"Resistance measurement"			
5	"HIGS"	"Blumeria graminis tritici"	"Ascomycet "	"biotroph"	"wheat"	"pIPKb007 "	"maize ubiquitin promotor"	"SvrPm3^a1/f1                                                                                      "						0	"TODO"	78	"particle bombarding"	"Schaefer et al. 2020"	"https://doi.org/10.3389/fpls.2020.00253"	"x"	"Resistance & Resistance measurement"			
6	"HIGS"	"Blumeria graminis hordei"	"Ascomycet"	"biotroph"	"barley"	"pTA30 "	"CaMV35S"	"BEC 1011"	264	1				29.71	"haustorium"		"particle bombarding"	"Pliego et al. 2013"	"http://dx.doi.org/10.1094/MPMI-01-13-0005-R"					
6	"HIGS"	"Blumeria graminis hordei"	"Ascomycet"	"biotroph"	"barley"	"pTA30 "	"CaMV35S"	"BEC 1054"	264	1				41	"haustorium"		"particle bombarding"	"Pliego et al. 2013"	"http://dx.doi.org/10.1094/MPMI-01-13-0005-R"					
6	"HIGS"	"Blumeria graminis hordei"	"Ascomycet"	"biotroph"	"barley"	"pTA30 "	"CaMV35S"	"BEC 1038"	264	1				56.11	"haustorium"		"particle bombarding"	"Pliego et al. 2013"	"http://dx.doi.org/10.1094/MPMI-01-13-0005-R"					
6	"HIGS"	"Blumeria graminis hordei"	"Ascomycet"	"biotroph"	"barley"	"pTA30 "	"CaMV35S"	"BEC 1016"	264	1				50.71	"haustorium"		"particle bombarding"	"Pliego et al. 2013"	"http://dx.doi.org/10.1094/MPMI-01-13-0005-R"					
6	"HIGS"	"Blumeria graminis hordei"	"Ascomycet"	"biotroph"	"barley"	"pTA30 "	"CaMV35S"	"BEC 1005"	264	1				48.88	"haustorium"		"particle bombarding"	"Pliego et al. 2013"	"http://dx.doi.org/10.1094/MPMI-01-13-0005-R"					
6	"HIGS"	"Blumeria graminis hordei"	"Ascomycet"	"biotroph"	"barley"	"pTA30 "	"CaMV35S"	"BEC 1019"	264	1				53.03	"haustorium"		"particle bombarding"	"Pliego et al. 2013"	"http://dx.doi.org/10.1094/MPMI-01-13-0005-R"					
6	"HIGS"	"Blumeria graminis hordei"	"Ascomycet"	"biotroph"	"barley"	"pTA30 "	"CaMV35S"	"BEC 1040"	264	1				58.34	"haustorium"		"particle bombarding"	"Pliego et al. 2013"	"http://dx.doi.org/10.1094/MPMI-01-13-0005-R"					
6	"HIGS"	"Blumeria graminis hordei"	"Ascomycet"	"biotroph"	"barley"	"pTA30 "	"CaMV35S"	"BEC 1018"	264	1				57.47	"haustorium"		"particle bombarding"	"Pliego et al. 2013"	"http://dx.doi.org/10.1094/MPMI-01-13-0005-R"					
7	"HIGS"	"Blumeria graminis hordei"	"Ascomycet"	"biotroph"	"barley"	"pIPKTA30N "	"35S promotor"	"CSEP0055 (=BghEfc3) "						40	"haustorium"	3	"particle bombarding"	"Zhang et al. 2012"	"https://doi.org/10.1111/j.1364-3703.2012.00820.x"					
8	"HIGS"	"Blumeria graminis hordei"	"Ascomycet"	"biotroph"	"barley"	"pIPKTA30N "	"35S promotor"	"CSEP0081"	"300-375"	1				32	"haustorium"	3	"particle bombarding"	"Ahmed et al. 2016"	"https://doi.org/10.1371/journal.pone.0157586"					
8	"HIGS"	"Blumeria graminis hordei"	"Ascomycet"	"biotroph"	"barley"	"pIPKTA30N "	"35S promotor"	"CSEP0254"	"300-375"	1				35	"haustorium"	3	"particle bombarding"	"Ahmed et al. 2016"	"https://doi.org/10.1371/journal.pone.0157586"					
9	"HIGS"	"Blumeria graminis hordei"	"Ascomycet"	"biotroph"	"barley"	"pIPKTA30N"		"ROPIP1 (Retroelement Eg-R1) ???"						38	"penetration rate"	2	"particle bombarding"	"Nottensteiner et al. 2018"	"https://doi.org/10.1093/jxb/ery174"					
10	"HIGS"	"Blumeria graminis tritici"	"Ascomycet"	"biotroph"	"wheat"	"pCAMBIA2301"		"BEC 1019"	264	1				73.675	"biomass"	2.5	"not directly mentioned"	"Zhang et al. 2019"	" https://doi.org/10.3390/ijms20184376"					
11	"HIGS"	"Puccinia triticina"	"Basidiomycet"	"biotroph"	"wheat"	"pIPKb007 (binary vector)"	"Zea maize ubiquitin promotor (Ubi1P)"	"PtMAPK1"	520	1	1218	699	1218	65	"biomass"	5	"agrobacterium-mediated transformation"	"Panwar et al. 2013"	"https://doi.org/10.1111/tpj.12047"					
11	"HIGS"	"Puccinia triticina"	"Basidiomycet"	"biotroph"	"wheat"	"pIPKb007 (binary vector)"	"Zea maize ubiquitin promotor (Ubi1P)"	"PtMAPK1"	520	1	1218	699	1218	68	"pustule density"	10	"agrobacterium-mediated transformation"	"Panwar et al. 2013"	"https://doi.org/10.1111/tpj.12047"					
11	"HIGS"	"Puccinia triticina"	"Basidiomycet"	"biotroph"	"wheat"	"pIPKb007 (binary vector)"	"Zea maize ubiquitin promotor (Ubi1P)"	"PtMAPK1"	520	1	1218	699	1218	69	"biomass"	10	"agrobacterium-mediated transformation"	"Panwar et al. 2013"	"https://doi.org/10.1111/tpj.12047"					
11	"HIGS"	"Puccinia graminis tritici"	"Basidiomycet"	"biotroph"	"wheat"	"pIPKb007 (binary vector)"	"Zea maize ubiquitin promotor (Ubi1P)"	"PtMAPK1"	520	1	1218	699	1218	59	"leaf area"	10	"agrobacterium-mediated transformation"	"Panwar et al. 2013"	"https://doi.org/10.1111/tpj.12047"					
11	"HIGS"	"Puccinia striiformis tritici"	"Basidiomycet"	"biotroph"	"wheat"	"pIPKb007 (binary vector)"	"Zea maize ubiquitin promotor (Ubi1P)"	"PtMAPK1"	520	1	1218	699	1218	55	"leaf area"	10	"agrobacterium-mediated transformation"	"Panwar et al. 2013"	"https://doi.org/10.1111/tpj.12047"					
11	"HIGS"	"Puccinia triticina"	"Basidiomycet"	"biotroph"	"wheat"	"pMCG161 (binary vector)"	"cauliflower mosaic virus 35S promotor (35SP)"	"PtCYC1"	501	1				67	"biomass"	5	"agrobacterium-mediated transformation"	"Panwar et al. 2013"	"https://doi.org/10.1111/tpj.12047"	"x"	"dsRNA length"			
11	"HIGS"	"Puccinia triticina"	"Basidiomycet"	"biotroph"	"wheat"	"pMCG161 (binary vector)"	"cauliflower mosaic virus 35S promotor (35SP)"	"PtCYC1"	501	1				65	"pustule density"	10	"agrobacterium-mediated transformation"	"Panwar et al. 2013"	"https://doi.org/10.1111/tpj.12047"	"x"	"dsRNA length"			
11	"HIGS"	"Puccinia triticina"	"Basidiomycet"	"biotroph"	"wheat"	"pMCG161 (binary vector)"	"cauliflower mosaic virus 35S promotor (35SP)"	"PtCYC1"	501	1				64	"biomass"	10	"agrobacterium-mediated transformation"	"Panwar et al. 2013"	"https://doi.org/10.1111/tpj.12047"	"x"	"dsRNA length"			
11	"HIGS"	"Puccinia graminis tritici"	"Basidiomycet"	"biotroph"	"wheat"	"pMCG161 (binary vector)"	"cauliflower mosaic virus 35S promotor (35SP)"	"PtCYC1"	501	1				61	"leaf area"	10	"agrobacterium-mediated transformation"	"Panwar et al. 2013"	"https://doi.org/10.1111/tpj.12047"	"x"	"dsRNA length"			
11	"HIGS"	"Puccinia striiformis tritici"	"Basidiomycet"	"biotroph"	"wheat"	"pMCG161 (binary vector)"	"cauliflower mosaic virus 35S promotor (35SP)"	"PtCYC1"	501	1				48	"leaf area"	10	"agrobacterium-mediated transformation"	"Panwar et al. 2013"	"https://doi.org/10.1111/tpj.12047"	"x"	"dsRNA length"			
11	"HIGS"	"Puccinia triticina"	"Basidiomycet"	"biotroph"	"wheat"	"pMCG161 (binary vector)"	"cauliflower mosaic virus 35S promotor (35SP)"	"PtCNB"	463	1				60	"biomass"	5	"agrobacterium-mediated transformation"	"Panwar et al. 2013"	"https://doi.org/10.1111/tpj.12047"					
11	"HIGS"	"Puccinia triticina"	"Basidiomycet"	"biotroph"	"wheat"	"pMCG161 (binary vector)"	"cauliflower mosaic virus 35S promotor (35SP)"	"PtCNB"	463	1				51	"pustule density"	10	"agrobacterium-mediated transformation"	"Panwar et al. 2013"	"https://doi.org/10.1111/tpj.12047"					
11	"HIGS"	"Puccinia triticina"	"Basidiomycet"	"biotroph"	"wheat"	"pMCG161 (binary vector)"	"cauliflower mosaic virus 35S promotor (35SP)"	"PtCNB"	463	1				59	"biomass"	10	"agrobacterium-mediated transformation"	"Panwar et al. 2013"	"https://doi.org/10.1111/tpj.12047"					
11	"HIGS"	"Puccinia graminis tritici"	"Basidiomycet"	"biotroph"	"wheat"	"pMCG161 (binary vector)"	"cauliflower mosaic virus 35S promotor (35SP)"	"PtCNB"	463	1				43	"leaf area"	10	"agrobacterium-mediated transformation"	"Panwar et al. 2013"	"https://doi.org/10.1111/tpj.12047"					
11	"HIGS"	"Puccinia striiformis tritici"	"Basidiomycet"	"biotroph"	"wheat"	"pMCG161 (binary vector)"	"cauliflower mosaic virus 35S promotor (35SP)"	"PtCNB"	463	1				69	"leaf area"	10	"agrobacterium-mediated transformation"	"Panwar et al. 2013"	"https://doi.org/10.1111/tpj.12047"					
12	"HIGS"	"Puccinia striiformis tritici"	"Basidiomycet"	"biotroph"	"wheat"	"BSMV γ RNA-based vector (previously described by Holberg et al. 2002)"		"PsSOD1 (superoxide dismutase (SOD) gen)"	216	1		217	432	37	"biomass"	15	"HIGS technique mediated by BSMV (BSMV-VIGS)"	"Liu et al. 2016"	"https://doi.org/10.1111/1462-2920.13451"					
12	"HIGS"	"Puccinia striiformis tritici"	"Basidiomycet"	"biotroph"	"wheat"	"BSMV γ RNA-based vector (previously described by Holberg et al. 2002)"		"PsSOD1 (superoxide dismutase (SOD) gen)"	216	1		217	432	"reduction target gene expression:                                        45% (24hpi);                                                                             80% (48hpi);                                                                                                57% (120hpi)"	"gene expression"		"HIGS technique mediated by BSMV (BSMV-VIGS)"	"Liu et al. 2016"	"https://doi.org/10.1111/1462-2920.13451"			FALSE	"transcription measurement"	
12	"HIGS"	"Puccinia striiformis tritici"	"Basidiomycet"	"biotroph"	"wheat"	"BSMV γ RNA-based vector (previously described by Holberg et al. 2002)"		"PsSOD1 (superoxide dismutase (SOD) gen)"	202	1		833	1034	33	"biomass"	15	"HIGS technique mediated by BSMV (BSMV-VIGS)"	"Liu et al. 2016"	"https://doi.org/10.1111/1462-2920.13451"					
12	"HIGS"	"Puccinia striiformis tritici"	"Basidiomycet"	"biotroph"	"wheat"	"BSMV γ RNA-based vector (previously described by Holberg et al. 2002)"		"PsSOD1 (superoxide dismutase (SOD) gen)"	202	1		833	1034	"reduction target gene expression:                                                          58% (24hpi);                                                                             64% (48hpi);                                                                                                   41% (120hpi)"	"gene expression"		"HIGS technique mediated by BSMV (BSMV-VIGS)"	"Liu et al. 2016"	"https://doi.org/10.1111/1462-2920.13451"			FALSE	"transcription measurement"	
13	"HIGS"	"Puccinia graminis tritici"	"Basidiomycet"	"biotroph"	"wheat"									"keine Messwerte!!! (nur trnscript level ansonsten nichts)"			"BSMV-mediated HIGS, bzw. VIGS"	"Yin et al. 2015"	"https://doi.org/10.1186/s12864-015-1791-y"			FALSE	"transcription measurement"	
14	"HIGS"	"Puccinia striiformis tritici"	"Basidiomycet"	"biotroph"	"wheat"	"BSMV component vectors (pα, pβ∆βa, and pγ)"			191	1				0	"reduction"		"BSMV-VIGS"	"Yin et al. 2010"	"https://doi.org/10.1094/MPMI-10-10-0229"	"x"	"dsRNA_length: was 153-191"			
15	"HIGS"	"Puccinia striiformis tritici"	"Basidiomycet"	"biotroph"	"wheat"	"BSMV:γ"		"PsCPK1"	296	1	1443	88	383	49	"pustule density"	14	"BSMV-VIGS"	"Qui et al. 2018"	"https://doi.org/10.1111/pbi.12829"					
15	"HIGS"	"Puccinia striiformis tritici"	"Basidiomycet"	"biotroph"	"wheat"	"BSMV:γ"		"PsCPK1"	224	1	1443	1071	1294	54	"penetration rate"		"BSMV-VIGS"	"Qui et al. 2018"	"https://doi.org/10.1111/pbi.12829"					
15	"HIGS"	"Puccinia striiformis tritici"	"Basidiomycet"	"biotroph"	"wheat"	"pMCG161"	"maize ubiquitin promotor (Ubi1)"	"PsCPK1"	"1443bp coding region ???"					52.5	"disease reduction"	14	"particle bombarding"	"Qui et al. 2018"	"https://doi.org/10.1111/pbi.12829"	"x"	"dsRNA length"			
15	"HIGS"	"Puccinia striiformis tritici"	"Basidiomycet"	"biotroph"	"wheat"	"pMCG162"	"maize ubiquitin promotor (Ubi1)"	"PsCPK1"	"1444bp coding region ???"					48	"gene expression"	"2dpi, 3dpi, 5dpi, 7dpi"	"particle bombarding"	"Qui et al. 2018"	"https://doi.org/10.1111/pbi.12829"	"x"	"dsRNA length"			
15	"HIGS"	"Puccinia striiformis tritici"	"Basidiomycet"	"biotroph"	"wheat"	"pMCG163"	"maize ubiquitin promotor (Ubi1)"	"PsCPK1"	"1445bp coding region ???"					74	"biomass"	7	"particle bombarding"	"Qui et al. 2018"	"https://doi.org/10.1111/pbi.12829"	"x"	"dsRNA length"			
16	"HIGS"	"Puccinia triticina"	"Basidiomycet"	"biotroph"	"wheat"			"PtMAPK1"	520	1	1218	699	1218	30	"disease reduction"	12	"particle bombarding"	"Panwar et al. 2017"	"https://doi.org/10.1111/pbi.12845"					
16	"HIGS"	"Puccinia triticina"	"Basidiomycet"	"biotroph"	"wheat"			"PtCYC1"	501					29.82	"disease reduction"	12	"particle bombarding"	"Panwar et al. 2017"	"https://doi.org/10.1111/pbi.12845"	"x"	"dsRNA length"			
17	"HIGS"	"Puccinia striiformis tritici"	"Basidiomycet"	"biotroph"	"wheat"	"pAHC25"	"maize ubiquitin promotor"	"PsFUZ7"	218	1	1260	321	538	33	"disease reduction"	14	"BSMV-VIGS"	"Zhu et al. 2017"	"https://doi.org/10.1104/pp.17.01223"	"x"				
17	"HIGS"	"Puccinia striiformis tritici"	"Basidiomycet"	"biotroph"	"wheat"	"pAHC25"	"maize ubiquitin promotor"	"PsFUZ7"	300	1	1260	961	1269	54.06	"disease reduction"	14	"BSMV-VIGS"	"Zhu et al. 2017"	"https://doi.org/10.1104/pp.17.01223"	"x"				
17	"HIGS"	"Puccinia striiformis tritici"	"Basidiomycet"	"biotroph"	"wheat"	"pAHC25"	"maize ubiquitin promotor"	"PsFUZ7"	"218;300"	2	"1260;1260"	"321;961"	"538;1269"	"reduction target gene expression:                                            PsFUZ7-1as 50%                                                              PsFUZ7-2as 65%"	"gene expression"	2	"BSMV-VIGS"	"Zhu et al. 2017"	"https://doi.org/10.1104/pp.17.01223"	"x"	"Maybe 2 distinct measurements"	FALSE	"transcription measurement"	
17	"HIGS"	"Puccinia striiformis tritici"	"Basidiomycet"	"biotroph"	"wheat"	"pAHC25"	"maize ubiquitin promotor"	"PsFUZ7"	"218;300"	2	"1260;1260"	"321;961"	"538;1269"	"reduction target gene expression:                                    PsFUZ7-1as 50%                                                              PsFUZ7-2as 55%"	"gene expression"	7	"BSMV-VIGS"	"Zhu et al. 2017"	"https://doi.org/10.1104/pp.17.01223"	"x"	"Maybe 2 distinct measurements"	FALSE	"transcription measurement"	
17	"HIGS"	"Puccinia striiformis tritici"	"Basidiomycet"	"biotroph"	"wheat"	"pAHC25"	"maize ubiquitin promotor"	"PsKPP6"	209	1	1227	131	339	24.33	"disease reduction"	14	"BSMV-VIGS"	"Zhu et al. 2017"	"https://doi.org/10.1104/pp.17.01223"	"x"				
17	"HIGS"	"Puccinia striiformis tritici"	"Basidiomycet"	"biotroph"	"wheat"	"pAHC25"	"maize ubiquitin promotor"	"PsKPP6"	178	1	1227	768	945	13.52	"disease reduction"	14	"BSMV-VIGS"	"Zhu et al. 2017"	"https://doi.org/10.1104/pp.17.01223"	"x"				
17	"HIGS"	"Puccinia striiformis tritici"	"Basidiomycet"	"biotroph"	"wheat"	"pAHC25"	"maize ubiquitin promotor"	"PsKPP6"	"209;178"	2	"1227;1227"	"131;768"	"339;945"	"reduction target gene expression:                                                         PsKPP6-1as 52%                                                                 PsKPP6-2as 54%"	"gene expression"	2	"BSMV-VIGS"	"Zhu et al. 2017"	"https://doi.org/10.1104/pp.17.01223"	"x"	"Maybe 2 distinct measurements"	FALSE	"transcription measurement"	
17	"HIGS"	"Puccinia striiformis tritici"	"Basidiomycet"	"biotroph"	"wheat"	"pAHC25"	"maize ubiquitin promotor"	"PsKPP6"	"209;178"	2	"1227;1227"	"131;768"	"339;945"	"reduction target gene expression:                                      PsKPP6-1as 45%                                                                             PsKPP6-2as 50%"	"gene expression"	7	"BSMV-VIGS"	"Zhu et al. 2017"	"https://doi.org/10.1104/pp.17.01223"	"x"	"Maybe 2 distinct measurements"	FALSE	"transcription measurement"	
17	"HIGS"	"Puccinia striiformis tritici"	"Basidiomycet"	"biotroph"	"wheat"	"pAHC25"	"maize ubiquitin promotor"	"PsKPP4"	259	1	4653	1796	2054	29.73	"disease reduction"	14	"BSMV-VIGS"	"Zhu et al. 2017"	"https://doi.org/10.1104/pp.17.01223"	"x"				
17	"HIGS"	"Puccinia striiformis tritici"	"Basidiomycet"	"biotroph"	"wheat"	"pAHC25"	"maize ubiquitin promotor"	"PsKPP4"	290	1	4653	3738	4027	23.25	"disease reduction"	14	"BSMV-VIGS"	"Zhu et al. 2017"	"https://doi.org/10.1104/pp.17.01223"	"x"				
17	"HIGS"	"Puccinia striiformis tritici"	"Basidiomycet"	"biotroph"	"wheat"	"pAHC25"	"maize ubiquitin promotor"	"PsKPP4"	"259;290"	2	"4653;4653"	"1796;3738"	"2054;4027"	"reduction target gene expression:                                                                  PsKPP4-1as um 50%                                                      PsKPP4-2as um 61% "	"gene expression"	2	"BSMV-VIGS"	"Zhu et al. 2017"	"https://doi.org/10.1104/pp.17.01223"	"x"	"Maybe 2 distinct measurements"	FALSE	"transcription measurement"	
17	"HIGS"	"Puccinia striiformis tritici"	"Basidiomycet"	"biotroph"	"wheat"	"pAHC25"	"maize ubiquitin promotor"	"PsKPP4"	"259;290"	2	"4653;4653"	"1796;3738"	"2054;4027"	"reduction target gene expression:                                                                                        PsKPP4-1as um 44%                                                             PsKPP4-2as um 56,5%"	"gene expression"	7	"BSMV-VIGS"	"Zhu et al. 2017"	"https://doi.org/10.1104/pp.17.01223"	"x"	"Maybe 2 distinct measurements"	FALSE	"transcription measurement"	
17	"HIGS"	"Puccinia striiformis tritici"	"Basidiomycet"	"biotroph"	"wheat"	"pAHC25"	"maize ubiquitin promotor"	"PsFUZ7"	300	1	1260	961	1269	61.5	"biomass"	16	"particle bombarding"	"Zhu et al. 2017"	"https://doi.org/10.1104/pp.17.01223"					
17	"HIGS"	"Puccinia striiformis tritici"	"Basidiomycet"	"biotroph"	"wheat"	"pAHC25"	"maize ubiquitin promotor"	"PsFUZ7"	300	1	1260	961	1269	"reduction target gene expression: 62,05% (up to 74,8%)"	"gene expression"	16	"particle bombarding"	"Zhu et al. 2017"	"https://doi.org/10.1104/pp.17.01223"			FALSE	"transcription measurement"	
18	"HIGS"	"Puccinia striiformis tritici"	"Basidiomycet"	"biotroph"	"wheat"	"BSMV:γ"		"PsKPP4"	258	1	4653	1796	2054	52	"biomass"	7	"BSMV-VIGS"	"Zhu et al. 2018"	"https://doi.org/10.1111/mpp.12731"					
18	"HIGS"	"Puccinia striiformis tritici"	"Basidiomycet"	"biotroph"	"wheat"	"BSMV:γ"		"PsKPP4"	291	1	4653	3738	4029	47	"biomass"	7	"BSMV-VIGS"	"Zhu et al. 2018"	"https://doi.org/10.1111/mpp.12731"					
18	"HIGS"	"Puccinia striiformis tritici"	"Basidiomycet"	"biotroph"	"wheat"	"BSMV:γ"		"PsUBC2"	"282;168"	2	"2403;2403"	"15;1326"	"297;1494"	0	"NA"		"BSMV-VIGS"	"Zhu et al. 2018"	"https://doi.org/10.1111/mpp.12731"			FALSE	"no measurements"	
19	"HIGS"	"Puccinia striiformis tritici"	"Basidiomycet"	"biotroph"	"wheat"	"BSMV gamma vector"		"Pst_8713"	"Ta-Pst_8713-1as"	1		"Accession: MG674423 (Genbank)"		30	"pustule density"	12	"BSMV-VIGS"	"Zhao et al. 2018"	" https://doi.org/10.3389/fpls.2018.01294"	"x"	"dsRNA length"			
19	"HIGS"	"Puccinia striiformis tritici"	"Basidiomycet"	"biotroph"	"wheat"	"BSMV gamma vector"		"Pst_8713"	"Ta-Pst_8713-1as"	1		"Accession: MG674423 (Genbank)"		0	"infection area"	12	"BSMV-VIGS"	"Zhao et al. 2018"	" https://doi.org/10.3389/fpls.2018.01294"	"x"	"dsRNA length"		"seedlings were measured"	
19	"HIGS"	"Puccinia striiformis tritici"	"Basidiomycet"	"biotroph"	"wheat"	"BSMV gamma vector"		"Pst_8713"	"Ta-Pst_8713-2as"	1				34	"pustule density"	12	"BSMV-VIGS"	"Zhao et al. 2018"	" https://doi.org/10.3389/fpls.2018.01294"	"x"	"dsRNA length"			
19	"HIGS"	"Puccinia striiformis tritici"	"Basidiomycet"	"biotroph"	"wheat"	"BSMV gamma vector"		"Pst_8713"	"Ta-Pst_8713-2as"	1				0	"infection area"	12	"BSMV-VIGS"	"Zhao et al. 2018"	" https://doi.org/10.3389/fpls.2018.01294"	"x"	"dsRNA length"		"seedlings were measured"	
20	"HIGS"	"Puccinia striiformis tritici"	"Basidiomycet"	"biotroph"	"wheat"	"BSMV:γ"		"Pst18363"	151	1	660	76	226	29	"biomass"	12	"BSMV-VIGS"	"Yang et al. 2019"	"https://doi.org/10.1111/nph.16199"					
20	"HIGS"	"Puccinia striiformis tritici"	"Basidiomycet"	"biotroph"	"wheat"	"BSMV:γ"		"Pst18363"	151	1	660	76	226	41	"gene expression"	5	"BSMV-VIGS"	"Yang et al. 2019"	"https://doi.org/10.1111/nph.16199"					
20	"HIGS"	"Puccinia striiformis tritici"	"Basidiomycet"	"biotroph"	"wheat"	"BSMV:γ"		"Pst18363"	174	1	660	458	631	25	"biomass"	12	"BSMV-VIGS"	"Yang et al. 2019"	"https://doi.org/10.1111/nph.16199"					
20	"HIGS"	"Puccinia striiformis tritici"	"Basidiomycet"	"biotroph"	"wheat"	"BSMV:γ"		"Pst18363"	174	1	660	458	631	50	"gene expression"	5	"BSMV-VIGS"	"Yang et al. 2019"	"https://doi.org/10.1111/nph.16199"					
21	"HIGS"	"Puccinia striiformis tritici"	"Basidiomycet"	"biotroph"	"wheat"	"BSMV:α/BSMV:β/BSMV:γ im Verhältnis 1/1/1"		"Pst_12806"	"BSMV:Pst_12806-1"					32.66	"pustule density"	14	"BSMV-VIGS"	"Xu et al. 2019"	"https://doi.org/10.1038/s41467-019-13487-6"					
21	"HIGS"	"Puccinia striiformis tritici"	"Basidiomycet"	"biotroph"	"wheat"	"BSMV:α/BSMV:β/BSMV:γ im Verhältnis 1/1/1"		"Pst_12806"	"BSMV:Pst_12806-1"					22.73	"disease reduction"	1	"BSMV-VIGS"	"Xu et al. 2019"	"https://doi.org/10.1038/s41467-019-13487-6"				"same sample as row below"	
21	"HIGS"	"Puccinia striiformis tritici"	"Basidiomycet"	"biotroph"	"wheat"	"BSMV:α/BSMV:β/BSMV:γ im Verhältnis 1/1/1"		"Pst_12806"	"BSMV:Pst_12806-1"					20	"disease reduction"	2	"BSMV-VIGS"	"Xu et al. 2019"	"https://doi.org/10.1038/s41467-019-13487-6"				"same sample as row above"	
21	"HIGS"	"Puccinia striiformis tritici"	"Basidiomycet"	"biotroph"	"wheat"	"BSMV:α/BSMV:β/BSMV:γ im Verhältnis 1/1/1"		"Pst_12806"	"BSMV:Pst_12806-1"					56.25	"biomass"	1	"BSMV-VIGS"	"Xu et al. 2019"	"https://doi.org/10.1038/s41467-019-13487-6"					"Cannot find results"
21	"HIGS"	"Puccinia striiformis tritici"	"Basidiomycet"	"biotroph"	"wheat"	"BSMV:α/BSMV:β/BSMV:γ im Verhältnis 1/1/1"		"Pst_12806"	"BSMV:Pst_12806-1"					73.69	"biomass"	2	"BSMV-VIGS"	"Xu et al. 2019"	"https://doi.org/10.1038/s41467-019-13487-6"					"Cannot find results"
21	"HIGS"	"Puccinia striiformis tritici"	"Basidiomycet"	"biotroph"	"wheat"	"BSMV:α/BSMV:β/BSMV:γ im Verhältnis 1/1/1"		"Pst_12806"	"BSMV:Pst_12806-1"					"reduction target gene expression: 65-70%"	"gene expression"	"24hpi and 48hpi"	"BSMV-VIGS"	"Xu et al. 2019"	"https://doi.org/10.1038/s41467-019-13487-6"					
21	"HIGS"	"Puccinia striiformis tritici"	"Basidiomycet"	"biotroph"	"wheat"	"BSMV:α/BSMV:β/BSMV:γ im Verhältnis 1/1/1"		"Pst_12806"	"BSMV:Pst_12806-2"					38	"pustule density"	14	"BSMV-VIGS"	"Xu et al. 2019"	"https://doi.org/10.1038/s41467-019-13487-6"					
21	"HIGS"	"Puccinia striiformis tritici"	"Basidiomycet"	"biotroph"	"wheat"	"BSMV:α/BSMV:β/BSMV:γ im Verhältnis 1/1/1"		"Pst_12806"	"BSMV:Pst_12806-2"					27.28	"disease reduction"	1	"BSMV-VIGS"	"Xu et al. 2019"	"https://doi.org/10.1038/s41467-019-13487-6"				"same sample as row below"	"Cannot find results"
21	"HIGS"	"Puccinia striiformis tritici"	"Basidiomycet"	"biotroph"	"wheat"	"BSMV:α/BSMV:β/BSMV:γ im Verhältnis 1/1/1"		"Pst_12806"	"BSMV:Pst_12806-2"					26.67	"disease reduction"	2	"BSMV-VIGS"	"Xu et al. 2019"	"https://doi.org/10.1038/s41467-019-13487-6"				"same sample as row above"	"Cannot find results"
21	"HIGS"	"Puccinia striiformis tritici"	"Basidiomycet"	"biotroph"	"wheat"	"BSMV:α/BSMV:β/BSMV:γ im Verhältnis 1/1/1"		"Pst_12806"	"BSMV:Pst_12806-2"					62.5	"biomass"	1	"BSMV-VIGS"	"Xu et al. 2019"	"https://doi.org/10.1038/s41467-019-13487-6"					"Cannot find results"
21	"HIGS"	"Puccinia striiformis tritici"	"Basidiomycet"	"biotroph"	"wheat"	"BSMV:α/BSMV:β/BSMV:γ im Verhältnis 1/1/1"		"Pst_12806"	"BSMV:Pst_12806-2"					68.43	"biomass"	2	"BSMV-VIGS"	"Xu et al. 2019"	"https://doi.org/10.1038/s41467-019-13487-6"					"Cannot find results"
21	"HIGS"	"Puccinia striiformis tritici"	"Basidiomycet"	"biotroph"	"wheat"	"BSMV:α/BSMV:β/BSMV:γ im Verhältnis 1/1/1"		"Pst_12806"	"BSMV:Pst_12806-2"					"reduction target gene expression: 65-70%"	"gene expression"	"24hpi and 48hpi"	"BSMV-VIGS"	"Xu et al. 2019"	"https://doi.org/10.1038/s41467-019-13487-6"					
22	"HIGS"	"Puccinia striiformis tritici"	"Basidiomycet"	"biotroph"	"wheat"	"BSMV vector"		"PsHXT1"	"PsHXT1-1as"			"Brief communication, no informations "		77.78	"disease reduction"	5	"BSMV-VIGS"	"Chang et al. 2020"	"https://doi.org/10.1111/pbi.13398"					
22	"HIGS"	"Puccinia striiformis tritici"	"Basidiomycet"	"biotroph"	"wheat"	"BSMV vector"		"PsHXT1"	"PsHXT1-1as"			"Brief communication, no informations "		71.43	"pustule density"	14	"BSMV-VIGS"	"Chang et al. 2020"	"https://doi.org/10.1111/pbi.13398"					
22	"HIGS"	"Puccinia striiformis tritici"	"Basidiomycet"	"biotroph"	"wheat"	"BSMV vector"		"PsHXT1"	"PsHXT1-1as"			"Brief communication, no informations "		76.93	"biomass"	14	"BSMV-VIGS"	"Chang et al. 2020"	"https://doi.org/10.1111/pbi.13398"					
22	"HIGS"	"Puccinia striiformis tritici"	"Basidiomycet"	"biotroph"	"wheat"	"BSMV vector"		"PsHXT1"	"PsHXT1-2as"			"Brief communication, no informations "		72.23	"disease reduction"	5	"BSMV-VIGS"	"Chang et al. 2020"	"https://doi.org/10.1111/pbi.13398"					
22	"HIGS"	"Puccinia striiformis tritici"	"Basidiomycet"	"biotroph"	"wheat"	"BSMV vector"		"PsHXT1"	"PsHXT1-2as"			"Brief communication, no informations "		64.29	"pustule density"	14	"BSMV-VIGS"	"Chang et al. 2020"	"https://doi.org/10.1111/pbi.13398"					
22	"HIGS"	"Puccinia striiformis tritici"	"Basidiomycet"	"biotroph"	"wheat"	"BSMV vector"		"PsHXT1"	"PsHXT1-2as"			"Brief communication, no informations "		73.08	"biomass"	14	"BSMV-VIGS"	"Chang et al. 2020"	"https://doi.org/10.1111/pbi.13398"					
23	"HIGS"	"Puccinia striiformis tritici"	"Basidiomycet"	"biotroph"	"wheat"	"BSMV:γ"		"PsSOD2"	161	1		173	333	20	"biomass"	15	"BSMV-mediated HIGS                                                                            -> Inoculation 9dpt"	"Zheng et al. 2020"	"https://doi.org/10.1111/1462-2920.15236"					
23	"HIGS"	"Puccinia striiformis tritici"	"Basidiomycet"	"biotroph"	"wheat"	"BSMV:γ"		"PsSOD2"	161	1		173	333	52	"gene expression"	5	"BSMV-mediated HIGS                                                                            -> Inoculation 9dpt"	"Zheng et al. 2020"	"https://doi.org/10.1111/1462-2920.15236"					
23	"HIGS"	"Puccinia striiformis tritici"	"Basidiomycet"	"biotroph"	"wheat"	"BSMV:γ"		"PsSOD2"	167	1		332	498	21	"biomass"	15	"BSMV-mediated HIGS                                                                            -> Inoculation 9dpt"	"Zheng et al. 2020"	"https://doi.org/10.1111/1462-2920.15236"					
23	"HIGS"	"Puccinia striiformis tritici"	"Basidiomycet"	"biotroph"	"wheat"	"BSMV:γ"		"PsSOD2"	167	1		332	498	50	"gene expression"	5	"BSMV-mediated HIGS                                                                            -> Inoculation 9dpt"	"Zheng et al. 2020"	"https://doi.org/10.1111/1462-2920.15236"					
24	"HIGS"	"Phakopsora pachyrhizi"	"Basidiomycet"	"biotroph"	"soybean"	"BPMV vector (Empty vector BPMV:EV)"		"ATC"	351	1		"Accession no. EH237261.1                                                                         -> keine Ergebnisse, Primer-Sequenzen im Paper "		61.2	"pustule density"	14	"bean pod mottle virus (BPMV)-based host induced gene silencing (HIGS)"	"Hu et al. 2019"	"https://doi.org/10.1111/mpp.12931"					
24	"HIGS"	"Phakopsora pachyrhizi"	"Basidiomycet"	"biotroph"	"soybean"	"BPMV vector (Empty vector BPMV:EV)"		"ATC"	351	1		"Accession no. EH237261.1                                                                         -> keine Ergebnisse, Primer-Sequenzen im Paper "		70.2	"biomass"	14	"bean pod mottle virus (BPMV)-based host induced gene silencing (HIGS)"	"Hu et al. 2019"	"https://doi.org/10.1111/mpp.12931"					
24	"HIGS"	"Phakopsora pachyrhizi"	"Basidiomycet"	"biotroph"	"soybean"	"BPMV vector (Empty vector BPMV:EV)"		"ATC"	351	1		"Accession no. EH237261.1                                                                         -> keine Ergebnisse, Primer-Sequenzen im Paper "		49.6	"gene expression"	14	"bean pod mottle virus (BPMV)-based host induced gene silencing (HIGS)"	"Hu et al. 2019"	"https://doi.org/10.1111/mpp.12931"					
24	"HIGS"	"Phakopsora pachyrhizi"	"Basidiomycet"	"biotroph"	"soybean"	"BPMV vector (Empty vector BPMV:EV)"		"ATC"	351	1		"Accession no. EH237261.1                                                                         -> keine Ergebnisse, Primer-Sequenzen im Paper "		70.8	"pustule density"	"detached leave assays; soybean leaves"	"bean pod mottle virus (BPMV)-based host induced gene silencing (HIGS)"	"Hu et al. 2019"	"https://doi.org/10.1111/mpp.12931"					
24	"HIGS"	"Phakopsora pachyrhizi"	"Basidiomycet"	"biotroph"	"soybean"	"BPMV vector (Empty vector BPMV:EV)"		"ATC"	351	1		"Accession no. EH237261.1                                                                         -> keine Ergebnisse, Primer-Sequenzen im Paper "		20.3	"biomass"	"detached leave assays; soybean leaves"	"bean pod mottle virus (BPMV)-based host induced gene silencing (HIGS)"	"Hu et al. 2019"	"https://doi.org/10.1111/mpp.12931"					
24	"HIGS"	"Phakopsora pachyrhizi"	"Basidiomycet"	"biotroph"	"soybean"	"BPMV vector (Empty vector BPMV:EV)"		"ATC"	351	1		"Accession no. EH237261.1                                                                         -> keine Ergebnisse, Primer-Sequenzen im Paper "		45.1	"gene expression"	"detached leave assays; soybean leaves"	"bean pod mottle virus (BPMV)-based host induced gene silencing (HIGS)"	"Hu et al. 2019"	"https://doi.org/10.1111/mpp.12931"					
24	"HIGS"	"Phakopsora pachyrhizi"	"Basidiomycet"	"biotroph"	"soybean"	"BPMV vector (Empty vector BPMV:EV)"		"UN_1"	202	1	816	8	209	"not significant"	"disease reduction"		"bean pod mottle virus (BPMV)-based host induced gene silencing (HIGS)"	"Hu et al. 2019"	"https://doi.org/10.1111/mpp.12931"					
24	"HIGS"	"Phakopsora pachyrhizi"	"Basidiomycet"	"biotroph"	"soybean"	"BPMV vector (Empty vector BPMV:EV)"		"UN_2"	192	1		"Accession no. EH249689.1                                                                         -> keine Ergebnisse, Primer-Sequenzen im Paper "		"not significant"	"disease reduction"		"bean pod mottle virus (BPMV)-based host induced gene silencing (HIGS)"	"Hu et al. 2019"	"https://doi.org/10.1111/mpp.12931"					
24	"HIGS"	"Phakopsora pachyrhizi"	"Basidiomycet"	"biotroph"	"soybean"	"BPMV vector (Empty vector BPMV:EV)"		"UN_3"	275	1	670	396	670	41.6	"pustule density"	14	"bean pod mottle virus (BPMV)-based host induced gene silencing (HIGS)"	"Hu et al. 2019"	"https://doi.org/10.1111/mpp.12931"					
24	"HIGS"	"Phakopsora pachyrhizi"	"Basidiomycet"	"biotroph"	"soybean"	"BPMV vector (Empty vector BPMV:EV)"		"UN_3"	275	1	670	396	670	57.8	"biomass"	14	"bean pod mottle virus (BPMV)-based host induced gene silencing (HIGS)"	"Hu et al. 2019"	"https://doi.org/10.1111/mpp.12931"					
24	"HIGS"	"Phakopsora pachyrhizi"	"Basidiomycet"	"biotroph"	"soybean"	"BPMV vector (Empty vector BPMV:EV)"		"UN_3"	275	1	670	396	670	"not significant"	"gene expression"	14	"bean pod mottle virus (BPMV)-based host induced gene silencing (HIGS)"	"Hu et al. 2019"	"https://doi.org/10.1111/mpp.12931"					
24	"HIGS"	"Phakopsora pachyrhizi"	"Basidiomycet"	"biotroph"	"soybean"	"BPMV vector (Empty vector BPMV:EV)"		"UN_3"	275	1	670	396	670	"not significant"	"disease reduction"	"detached leave assays; soybean leaves"	"bean pod mottle virus (BPMV)-based host induced gene silencing (HIGS)"	"Hu et al. 2019"	"https://doi.org/10.1111/mpp.12931"					
24	"HIGS"	"Phakopsora pachyrhizi"	"Basidiomycet"	"biotroph"	"soybean"	"BPMV vector (Empty vector BPMV:EV)"		"GCS_H"	304	1		"Accession no. EH229082.1                                                                         -> keine Ergebnisse, Primer-Sequenzen im Paper "		61.2	"pustule density"	14	"bean pod mottle virus (BPMV)-based host induced gene silencing (HIGS)"	"Hu et al. 2019"	"https://doi.org/10.1111/mpp.12931"					
24	"HIGS"	"Phakopsora pachyrhizi"	"Basidiomycet"	"biotroph"	"soybean"	"BPMV vector (Empty vector BPMV:EV)"		"GCS_H"	304	1		"Accession no. EH229082.1                                                                         -> keine Ergebnisse, Primer-Sequenzen im Paper "		63.7	"biomass"	14	"bean pod mottle virus (BPMV)-based host induced gene silencing (HIGS)"	"Hu et al. 2019"	"https://doi.org/10.1111/mpp.12931"					
24	"HIGS"	"Phakopsora pachyrhizi"	"Basidiomycet"	"biotroph"	"soybean"	"BPMV vector (Empty vector BPMV:EV)"		"GCS_H"	304	1		"Accession no. EH229082.1                                                                         -> keine Ergebnisse, Primer-Sequenzen im Paper "		75.2	"gene expression"	14	"bean pod mottle virus (BPMV)-based host induced gene silencing (HIGS)"	"Hu et al. 2019"	"https://doi.org/10.1111/mpp.12931"					
24	"HIGS"	"Phakopsora pachyrhizi"	"Basidiomycet"	"biotroph"	"soybean"	"BPMV vector (Empty vector BPMV:EV)"		"GCS_H"	304	1		"Accession no. EH229082.1                                                                         -> keine Ergebnisse, Primer-Sequenzen im Paper "		65	"pustule density"	"detached leave assays; soybean leaves"	"bean pod mottle virus (BPMV)-based host induced gene silencing (HIGS)"	"Hu et al. 2019"	"https://doi.org/10.1111/mpp.12931"					
24	"HIGS"	"Phakopsora pachyrhizi"	"Basidiomycet"	"biotroph"	"soybean"	"BPMV vector (Empty vector BPMV:EV)"		"GCS_H"	304	1		"Accession no. EH229082.1                                                                         -> keine Ergebnisse, Primer-Sequenzen im Paper "		34.7	"biomass"	"detached leave assays; soybean leaves"	"bean pod mottle virus (BPMV)-based host induced gene silencing (HIGS)"	"Hu et al. 2019"	"https://doi.org/10.1111/mpp.12931"					
24	"HIGS"	"Phakopsora pachyrhizi"	"Basidiomycet"	"biotroph"	"soybean"	"BPMV vector (Empty vector BPMV:EV)"		"GCS_H"	304	1		"Accession no. EH229082.1                                                                         -> keine Ergebnisse, Primer-Sequenzen im Paper "		20.4	"gene expression"	"detached leave assays; soybean leaves"	"bean pod mottle virus (BPMV)-based host induced gene silencing (HIGS)"	"Hu et al. 2019"	"https://doi.org/10.1111/mpp.12931"					
24	"HIGS"	"Phakopsora pachyrhizi"	"Basidiomycet"	"biotroph"	"soybean"	"BPMV vector (Empty vector BPMV:EV)"		"RP_S16"	319	1		"Accession no. EH249914.1                                                                         -> keine Ergebnisse, Primer-Sequenzen im Paper "		51	"pustule density"	14	"bean pod mottle virus (BPMV)-based host induced gene silencing (HIGS)"	"Hu et al. 2019"	"https://doi.org/10.1111/mpp.12931"					
24	"HIGS"	"Phakopsora pachyrhizi"	"Basidiomycet"	"biotroph"	"soybean"	"BPMV vector (Empty vector BPMV:EV)"		"RP_S16"	319	1		"Accession no. EH249914.1                                                                         -> keine Ergebnisse, Primer-Sequenzen im Paper "		63.6	"biomass"	14	"bean pod mottle virus (BPMV)-based host induced gene silencing (HIGS)"	"Hu et al. 2019"	"https://doi.org/10.1111/mpp.12931"					
24	"HIGS"	"Phakopsora pachyrhizi"	"Basidiomycet"	"biotroph"	"soybean"	"BPMV vector (Empty vector BPMV:EV)"		"RP_S16"	319	1		"Accession no. EH249914.1                                                                         -> keine Ergebnisse, Primer-Sequenzen im Paper "		46.3	"gene expression"	14	"bean pod mottle virus (BPMV)-based host induced gene silencing (HIGS)"	"Hu et al. 2019"	"https://doi.org/10.1111/mpp.12931"					
24	"HIGS"	"Phakopsora pachyrhizi"	"Basidiomycet"	"biotroph"	"soybean"	"BPMV vector (Empty vector BPMV:EV)"		"RP_S16"	319	1		"Accession no. EH249914.1                                                                         -> keine Ergebnisse, Primer-Sequenzen im Paper "		58.1	"pustule density"	"detached leave assays; soybean leaves"	"bean pod mottle virus (BPMV)-based host induced gene silencing (HIGS)"	"Hu et al. 2019"	"https://doi.org/10.1111/mpp.12931"					
24	"HIGS"	"Phakopsora pachyrhizi"	"Basidiomycet"	"biotroph"	"soybean"	"BPMV vector (Empty vector BPMV:EV)"		"RP_S16"	319	1		"Accession no. EH249914.1                                                                         -> keine Ergebnisse, Primer-Sequenzen im Paper "		25.4	"biomass"	"detached leave assays; soybean leaves"	"bean pod mottle virus (BPMV)-based host induced gene silencing (HIGS)"	"Hu et al. 2019"	"https://doi.org/10.1111/mpp.12931"					
24	"HIGS"	"Phakopsora pachyrhizi"	"Basidiomycet"	"biotroph"	"soybean"	"BPMV vector (Empty vector BPMV:EV)"		"RP_S16"	319	1		"Accession no. EH249914.1                                                                         -> keine Ergebnisse, Primer-Sequenzen im Paper "		54.6	"gene expression"	"detached leave assays; soybean leaves"	"bean pod mottle virus (BPMV)-based host induced gene silencing (HIGS)"	"Hu et al. 2019"	"https://doi.org/10.1111/mpp.12931"					
24	"HIGS"	"Phakopsora pachyrhizi"	"Basidiomycet"	"biotroph"	"soybean"	"BPMV vector (Empty vector BPMV:EV)"		"CRP_6"	257	1		"Accession no. DN739834.1                                                                        -> keine Ergebnisse, Primer-Sequenzen im Paper "		"not significant"			"bean pod mottle virus (BPMV)-based host induced gene silencing (HIGS)"	"Hu et al. 2019"	"https://doi.org/10.1111/mpp.12931"					
24	"HIGS"	"Phakopsora pachyrhizi"	"Basidiomycet"	"biotroph"	"soybean"	"BPMV vector (Empty vector BPMV:EV)"		"PHR"	326	1		"Accession no. JK650639.1                                                                          -> keine Ergebnisse, Primer-Sequenzen im Paper "		"not significant"			"bean pod mottle virus (BPMV)-based host induced gene silencing (HIGS)"	"Hu et al. 2019"	"https://doi.org/10.1111/mpp.12931"					
25	"HIGS"	"Bremia letucae"	"oomycet"	"biotroph"	"lettuce "	"binary pGSA1165 vector"		"HAM34"	238	1	522	277	512	80	"biomass"	6	"agrobacterium-mediated transformation"	"Govindarajulu et al. 2015"	"https://doi.org/10.1111/pbi.12307"					
25	"HIGS"	"Bremia letucae"	"oomycet"	"biotroph"	"lettuce "	"binary pGSA1165 vector"		"HAM34"	238	1	522	277	512	75.39	"biomass"	9	"agrobacterium-mediated transformation"	"Govindarajulu et al. 2015"	"https://doi.org/10.1111/pbi.12307"					
25	"HIGS"	"Bremia letucae"	"oomycet"	"biotroph"	"lettuce "	"binary pGSA1165 vector"		"CES1"	379	1		2315	2694	75	"biomass"	6	"agrobacterium-mediated transformation"	"Govindarajulu et al. 2015"	"https://doi.org/10.1111/pbi.12307"					
25	"HIGS"	"Bremia letucae"	"oomycet"	"biotroph"	"lettuce "	"binary pGSA1165 vector"		"CES1"	379	1		2315	2694	71.43	"biomass"	9	"agrobacterium-mediated transformation"	"Govindarajulu et al. 2015"	"https://doi.org/10.1111/pbi.12307"					
26	"HIGS"	"Podosphaera xanthii"	"Ascomycet"	"biotroph"	"melon"	"pB7GWIWG2"	"CaMV 35S Promotor"	"PEC007"	177	1	180	1	177	42.78	"disease reduction"	3	"agrobacterium-mediated transformation"	"Martínez-Cruz et al. 2018"	"https://doi.org/10.1094/MPMI-12-17-0318-R"					
26	"HIGS"	"Podosphaera xanthii"	"Ascomycet"	"biotroph"	"melon"	"pB7GWIWG2"	"CaMV 35S Promotor"	"PEC009"	288	1	390	85	372	64.19	"disease reduction"	3	"agrobacterium-mediated transformation"	"Martínez-Cruz et al. 2018"	"https://doi.org/10.1094/MPMI-12-17-0318-R"					
26	"HIGS"	"Podosphaera xanthii"	"Ascomycet"	"biotroph"	"melon"	"pB7GWIWG2"	"CaMV 35S Promotor"	"PEC019"	388	1	582	92	479	12.08	"disease reduction"	3	"agrobacterium-mediated transformation"	"Martínez-Cruz et al. 2018"	"https://doi.org/10.1094/MPMI-12-17-0318-R"					
26	"HIGS"	"Podosphaera xanthii"	"Ascomycet"	"biotroph"	"melon"	"pB7GWIWG2"	"CaMV 35S Promotor"	"PEC032"	365	1	1641	257	621	16.27	"disease reduction"	3	"agrobacterium-mediated transformation"	"Martínez-Cruz et al. 2018"	"https://doi.org/10.1094/MPMI-12-17-0318-R"					
26	"HIGS"	"Podosphaera xanthii"	"Ascomycet"	"biotroph"	"melon"	"pB7GWIWG2"	"CaMV 35S Promotor"	"PEC034"	391	1	912	377	767	61.34	"disease reduction"	3	"agrobacterium-mediated transformation"	"Martínez-Cruz et al. 2018"	"https://doi.org/10.1094/MPMI-12-17-0318-R"					
26	"HIGS"	"Podosphaera xanthii"	"Ascomycet"	"biotroph"	"melon"	"pB7GWIWG2"	"CaMV 35S Promotor"	"PEC054"	373	1	408	28	400	31.62	"disease reduction"	3	"agrobacterium-mediated transformation"	"Martínez-Cruz et al. 2018"	"https://doi.org/10.1094/MPMI-12-17-0318-R"					
27	"HIGS"	"Ustilaginoidea virens"	"Ascomycet"	"biotroph"	"rice"		"35S promotor"	"UvChs2"	598	1		1192	1789	84.62	"disease reduction"		"Agrobacterium-mediated transformation"	"Li et al. 2021"	"https://doi.org/10.1111/pbi.13711"					
27	"HIGS"	"Ustilaginoidea virens"	"Ascomycet"	"biotroph"	"rice"		"35S promotor"	"UvChs2"	598	1		1192	1789	65	"gene expression"		"Agrobacterium-mediated transformation"	"Li et al. 2021"	"https://doi.org/10.1111/pbi.13711"					
27	"HIGS"	"Ustilaginoidea virens"	"Ascomycet"	"biotroph"	"rice"		"35S promotor"	"UvChs5"	527	1		2043	2569	76.93	"disease reduction"		"Agrobacterium-mediated transformation"	"Li et al. 2021"	"https://doi.org/10.1111/pbi.13711"					
27	"HIGS"	"Ustilaginoidea virens"	"Ascomycet"	"biotroph"	"rice"		"35S promotor"	"UvChs5"	527	1		2043	2569	80	"gene expression"		"Agrobacterium-mediated transformation"	"Li et al. 2021"	"https://doi.org/10.1111/pbi.13711"					
27	"HIGS"	"Ustilaginoidea virens"	"Ascomycet"	"biotroph"	"rice"		"35S promotor"	"UvChs2 + UvChs5"	"598;527"	2		"1192;2043"	"1789;2569"	88.47	"disease reduction"		"Agrobacterium-mediated transformation"	"Li et al. 2021"	"https://doi.org/10.1111/pbi.13711"					
27	"HIGS"	"Ustilaginoidea virens"	"Ascomycet"	"biotroph"	"rice"		"35S promotor"	"UvChs2 + UvChs5"	"598;527"	2		"1192;2043"	"1789;2569"	"65;85"	"gene expression"		"Agrobacterium-mediated transformation"	"Li et al. 2021"	"https://doi.org/10.1111/pbi.13711"					
27	"HIGS"	"Ustilaginoidea virens"	"Ascomycet"	"biotroph"	"rice"		"OsSWEET11"	"UvChs2 + UvChs5"	"598;527"	2		"1192;2043"	"1789;2569"	80	"disease reduction"		"Agrobacterium-mediated transformation"	"Li et al. 2021"	"https://doi.org/10.1111/pbi.13711"					
27	"HIGS"	"Ustilaginoidea virens"	"Ascomycet"	"biotroph"	"rice"		"OsSWEET11"	"UvChs2 + UvChs5"	"598;527"	2		"1192;2043"	"1789;2569"	"68;70"	"gene expression"		"Agrobacterium-mediated transformation"	"Li et al. 2021"	"https://doi.org/10.1111/pbi.13711"					
28	"HIGS"	"Ustilaginoidea virens"	"Ascomycet"	"biotroph"	"rice"	"ds1301"	"35S"	"UvAspE"	457	1	1548	1049	1505	90	"disease reduction"	30	"particle bombarding"	"Chen et al. 2021"	"https://doi.org/10.1111/pbi.13756"					
28	"HIGS"	"Ustilaginoidea virens"	"Ascomycet"	"biotroph"	"rice"	"ds1301"	"35S"	"UvAspE"	457	1	1548	1049	1505	78	"gene expression"	3	"particle bombarding"	"Chen et al. 2021"	"https://doi.org/10.1111/pbi.13756"					
28	"HIGS"	"Ustilaginoidea virens"	"Ascomycet"	"biotroph"	"rice"	"ds1301"	"35S"	"UvCom1"	394	1	1980	1496	1899	68.2	"disease reduction"	30	"particle bombarding"	"Chen et al. 2021"	"https://doi.org/10.1111/pbi.13756"					
28	"HIGS"	"Ustilaginoidea virens"	"Ascomycet"	"biotroph"	"rice"	"ds1301"	"35S"	"UvCom1"	394	1	1980	1496	1899	75	"gene expression"	3	"particle bombarding"	"Chen et al. 2021"	"https://doi.org/10.1111/pbi.13756"					
28	"HIGS"	"Ustilaginoidea virens"	"Ascomycet"	"biotroph"	"rice"	"ds1301"	"35S"	"UvPro1"	424	1	2049	1073	1496	86.4	"disease reduction"	30	"particle bombarding"	"Chen et al. 2021"	"https://doi.org/10.1111/pbi.13756"					
28	"HIGS"	"Ustilaginoidea virens"	"Ascomycet"	"biotroph"	"rice"	"ds1301"	"35S"	"UvPro1"	424	1	2049	1073	1496	85	"gene expression"	3	"particle bombarding"	"Chen et al. 2021"	"https://doi.org/10.1111/pbi.13756"					
29	"HIGS"	"Gaeumannomyces graminis tritici"	"Ascomycet"	"necrotroph"	"wheat"	"pCAMBIA2301"		"BEC1019"	264	1				72.5	"biomass"	2.5	"pCAMBIA2301-BEC1019-RNAi vectors were used to generate transgenic wheat lines -> agrobacterium mediated transformation???"	"Zhang et al. 2019"	" https://doi.org/10.3390/ijms20184376"					
29	"HIGS"	"Gaeumannomyces graminis tritici"	"Ascomycet"	"necrotroph"	"wheat"	"pCAMBIA2301"		"BEC1019"	264	1				60	"gene expression"	2.5	"pCAMBIA2301-BEC1019-RNAi vectors were used to generate transgenic wheat lines -> agrobacterium mediated transformation???"	"Zhang et al. 2019"	" https://doi.org/10.3390/ijms20184376"					
30	"HIGS"	"Fusarium graminearum"	"Ascomycet"	"necrotroph"	"wheat"	"pBluescript SK vector"	"maize ubiquitin promotor"	"Chs3b "	"569;500;615"	3	"2718;2718;2718"	"15;1130;2104"	"583;1629;2718"	60	"disease reduction"	7	"particle bombarding"	"Cheng et al. 2015"	"https://doi.org/10.1111/pbi.12352"					
30	"HIGS"	"Fusarium graminearum"	"Ascomycet"	"necrotroph"	"wheat"	"pBluescript SK vector"	"maize ubiquitin promotor"	"Chs3b "	"569;500;615"	3	"2718;2718;2718"	"15;1130;2104"	"583;1629;2718"	54.5	"gene expression"	7	"particle bombarding"	"Cheng et al. 2015"	"https://doi.org/10.1111/pbi.12352"					
31	"HIGS"	"Fusarium graminearum"	"Ascomycet"	"necrotroph"	"Brachypodium distachyon"	"pCAMBIA1300"	"CaMV 35S Promotor"	"Fg0067"	542452	1	1023	375	826	36.12	"disease reduction"	9	"Agrobacterium-mediated transformation"	"He et al. 2019"	"https://doi.org/10.3389/fpls.2019.01362"					
31	"HIGS"	"Fusarium graminearum"	"Ascomycet"	"necrotroph"	"Brachypodium distachyon"	"pCAMBIA1300"	"CaMV 35S Promotor"	"Fg0067"	542452	1	1023	375	826	46.875	"biomass"	5	"Agrobacterium-mediated transformation"	"He et al. 2019"	"https://doi.org/10.3389/fpls.2019.01362"					
31	"HIGS"	"Fusarium graminearum"	"Ascomycet"	"necrotroph"	"Brachypodium distachyon"	"pCAMBIA1300"	"CaMV 35S Promotor"	"Fg0067"	542452	1	1023	375	826	56	"gene expression"	3	"Agrobacterium-mediated transformation"	"He et al. 2019"	"https://doi.org/10.3389/fpls.2019.01362"					
31	"HIGS"	"Fusarium graminearum"	"Ascomycet"	"necrotroph"	"Brachypodium distachyon"	"pCAMBIA1300"	"CaMV 35S Promotor"	"Fg08731"	481	1	1194	713	1193	41.38	"disease reduction"	9	"Agrobacterium-mediated transformation"	"He et al. 2019"	"https://doi.org/10.3389/fpls.2019.01362"					
31	"HIGS"	"Fusarium graminearum"	"Ascomycet"	"necrotroph"	"Brachypodium distachyon"	"pCAMBIA1300"	"CaMV 35S Promotor"	"Fg08731"	481	1	1194	713	1193	40.625	"biomass"	5	"Agrobacterium-mediated transformation"	"He et al. 2019"	"https://doi.org/10.3389/fpls.2019.01362"					
31	"HIGS"	"Fusarium graminearum"	"Ascomycet"	"necrotroph"	"Brachypodium distachyon"	"pCAMBIA1300"	"CaMV 35S Promotor"	"Fg08731"	481	1	1194	713	1193	57.5	"gene expression"	3	"Agrobacterium-mediated transformation"	"He et al. 2019"	"https://doi.org/10.3389/fpls.2019.01362"					
31	"HIGS"	"Fusarium graminearum"	"Ascomycet"	"necrotroph"	"Brachypodium distachyon"	"pCAMBIA1300"	"CaMV 35S Promotor"	"CYP51 (CYP51A, CYP51B, CYP51C)"	"220;294;239"	3	"1581;1524;1554"	"636;315;162"	"855;608;400"	32.75	"disease reduction"	9	"Agrobacterium-mediated transformation"	"He et al. 2019"	"https://doi.org/10.3389/fpls.2019.01362"					
31	"HIGS"	"Fusarium graminearum"	"Ascomycet"	"necrotroph"	"Brachypodium distachyon"	"pCAMBIA1300"	"CaMV 35S Promotor"	"CYP51 (CYP51A, CYP51B, CYP51C)"	"220;294;239"	3	"1581;1524;1554"	"636;315;162"	"855;608;400"	54.69	"biomass"	5	"Agrobacterium-mediated transformation"	"He et al. 2019"	"https://doi.org/10.3389/fpls.2019.01362"					
31	"HIGS"	"Fusarium graminearum"	"Ascomycet"	"necrotroph"	"Brachypodium distachyon"	"pCAMBIA1300"	"CaMV 35S Promotor"	"CYP51 (CYP51A, CYP51B, CYP51C)"	"220;294;239"	3	"1581;1524;1554"	"636;315;162"	"855;608;400"	"76.5;77.5;68.5"	"gene expression"	9	"Agrobacterium-mediated transformation"	"He et al. 2019"	"https://doi.org/10.3389/fpls.2019.01362"					
32	"HIGS"	"Fusarium graminearum"	"Ascomycet"	"necrotroph"	"wheat"	"pSilent-1 vector"		"FgSGE1, FGSTE12, FgPP1 (triple construct)"	"243;233;224"	3	"1029;2088;927"	"40;133;281"	"282;365;504"	50	"disease reduction"	21	"transformation by bombarding; field conditions"	"Wang et al. 2020"	"https://doi.org/10.1111/pbi.13401"					
32	"HIGS"	"Fusarium graminearum"	"Ascomycet"	"necrotroph"	"wheat"	"pSilent-1 vector"		"FgSGE1, FGSTE12, FgPP1 (triple construct)"	"243;233;224"	3	"1029;2088;927"	"40;133;281"	"282;365;504"	"65;55;30"	"gene expression"	3	"transformation by bombarding; field conditions"	"Wang et al. 2020"	"https://doi.org/10.1111/pbi.13401"					
33	"HIGS"	"Fusarium graminearum"	"Ascomycet"	"necrotroph"	"Arabidopsis"	"p7U10"	"p35S"	"FgCYP51A"	294	1	1524	315	608	57	"growth inhibition"	5	"agrobacterium-mediated transformation"	"Koch et al. 2019 "	"https://doi.org/10.1111/mpp.12866"					
33	"HIGS"	"Fusarium graminearum"	"Ascomycet"	"necrotroph"	"Arabidopsis"	"p7U10"	"p35S"	"FgCYP51A"	294	1	1524	315	608	15	"gene expression"	5	"agrobacterium-mediated transformation"	"Koch et al. 2019 "	"https://doi.org/10.1111/mpp.12866"					
33	"HIGS"	"Fusarium graminearum"	"Ascomycet"	"necrotroph"	"Arabidopsis"	"p7U10"	"p35S"	"FgCYP51B"	220	1	1581	636	855	66	"growth inhibition"	5	"agrobacterium-mediated transformation"	"Koch et al. 2019 "	"https://doi.org/10.1111/mpp.12866"					
33	"HIGS"	"Fusarium graminearum"	"Ascomycet"	"necrotroph"	"Arabidopsis"	"p7U10"	"p35S"	"FgCYP51B"	220	1	1581	636	855	49	"gene expression"	5	"agrobacterium-mediated transformation"	"Koch et al. 2019 "	"https://doi.org/10.1111/mpp.12866"					
33	"HIGS"	"Fusarium graminearum"	"Ascomycet"	"necrotroph"	"Arabidopsis"	"p7U10"	"p35S"	"FgCYP51C"	238	1	1554	163	400	31	"growth inhibition"	5	"agrobacterium-mediated transformation"	"Koch et al. 2019 "	"https://doi.org/10.1111/mpp.12866"					
33	"HIGS"	"Fusarium graminearum"	"Ascomycet"	"necrotroph"	"Arabidopsis"	"p7U10"	"p35S"	"FgCYP51C"	238	1	1554	163	400	75	"gene expression"	5	"agrobacterium-mediated transformation"	"Koch et al. 2019 "	"https://doi.org/10.1111/mpp.12866"					
33	"HIGS"	"Fusarium graminearum"	"Ascomycet"	"necrotroph"	"Arabidopsis"	"p7U10"	"p35S"	"FgCYP51A/CYP51B (-> double construct)"	"294;220"	2	"1524;1581"	"315;636"	"608;855"	60	"growth inhibition"	5	"agrobacterium-mediated transformation"	"Koch et al. 2019 "	"https://doi.org/10.1111/mpp.12866"					
33	"HIGS"	"Fusarium graminearum"	"Ascomycet"	"necrotroph"	"Arabidopsis"	"p7U10"	"p35S"	"FgCYP51A/CYP51B (-> double construct)"	"294;220"	2	"1524;1581"	"315;636"	"608;855"	"not significant"	"gene expression"	5	"agrobacterium-mediated transformation"	"Koch et al. 2019 "	"https://doi.org/10.1111/mpp.12866"					
33	"HIGS"	"Fusarium graminearum"	"Ascomycet"	"necrotroph"	"Arabidopsis"	"p7U10"	"p35S"	"FgCYP51B/CYP51C (-> double construct)"	"220;238"	2	"1581;1554"	"636;163"	"855;400"	51	"growth inhibition"	5	"agrobacterium-mediated transformation"	"Koch et al. 2019 "	"https://doi.org/10.1111/mpp.12866"					
33	"HIGS"	"Fusarium graminearum"	"Ascomycet"	"necrotroph"	"Arabidopsis"	"p7U10"	"p35S"	"FgCYP51B/CYP51C (-> double construct)"	"220;238"	2	"1581;1554"	"636;163"	"855;400"	"47;92"	"gene expression"	5	"agrobacterium-mediated transformation"	"Koch et al. 2019 "	"https://doi.org/10.1111/mpp.12866"					
33	"HIGS"	"Fusarium graminearum"	"Ascomycet"	"necrotroph"	"Arabidopsis"	"p7U10"	"p35S"	"FgCYP51A/FgCYP51C (-> double construct)"	"294;238"	2	"1524;1554"	"315;163"	"608;400"	63	"growth inhibition"	5	"agrobacterium-mediated transformation"	"Koch et al. 2019 "	"https://doi.org/10.1111/mpp.12866"					
33	"HIGS"	"Fusarium graminearum"	"Ascomycet"	"necrotroph"	"Arabidopsis"	"p7U10"	"p35S"	"FgCYP51A/FgCYP51C (-> double construct)"	"294;238"	2	"1524;1554"	"315;163"	"608;400"	"95;97"	"gene expression"	5	"agrobacterium-mediated transformation"	"Koch et al. 2019 "	"https://doi.org/10.1111/mpp.12866"					
33	"HIGS"	"Fusarium graminearum"	"Ascomycet"	"necrotroph"	"Arabidopsis"	"p7U10"	"p35S"	"CYP3RNA (CYP51B, CYP51A, CYP51C -> triple construct)"	"294;220;238"	3	"1524;1581;1554"	"315;636;163"	"608;855;400"	57	"growth inhibition"	5	"agrobacterium-mediated transformation"	"Koch et al. 2019 "	"https://doi.org/10.1111/mpp.12866"					
33	"HIGS"	"Fusarium graminearum"	"Ascomycet"	"necrotroph"	"Arabidopsis"	"p7U10"	"p35S"	"CYP3RNA (CYP51B, CYP51A, CYP51C -> triple construct)"	"294;220;238"	3	"1524;1581;1554"	"315;636;163"	"608;855;400"	"43;66;not significant"	"gene expression"	5	"agrobacterium-mediated transformation"	"Koch et al. 2019 "	"https://doi.org/10.1111/mpp.12866"					
33	"HIGS"	"Fusarium graminearum"	"Ascomycet"	"necrotroph"	"barley"	"p6i"	"ubiquitin promotor "	"FgCYP51A"	294	1	1524	315	608	7	"growth inhibition"	5	"agrobacterium-mediated transformation"	"Koch et al. 2019 "	"https://doi.org/10.1111/mpp.12866"					
33	"HIGS"	"Fusarium graminearum"	"Ascomycet"	"necrotroph"	"barley"	"p6i"	"ubiquitin promotor "	"FgCYP51A"	294	1	1524	315	608	62	"gene expression"	5	"agrobacterium-mediated transformation"	"Koch et al. 2019 "	"https://doi.org/10.1111/mpp.12866"					
33	"HIGS"	"Fusarium graminearum"	"Ascomycet"	"necrotroph"	"barley"	"p6i"	"ubiquitin promotor "	"FgCYP51B"	220	1	1581	636	855	40	"growth inhibition"	5	"agrobacterium-mediated transformation"	"Koch et al. 2019 "	"https://doi.org/10.1111/mpp.12866"					
33	"HIGS"	"Fusarium graminearum"	"Ascomycet"	"necrotroph"	"barley"	"p6i"	"ubiquitin promotor "	"FgCYP51B"	220	1	1581	636	855	40	"gene expression"	5	"agrobacterium-mediated transformation"	"Koch et al. 2019 "	"https://doi.org/10.1111/mpp.12866"					
33	"HIGS"	"Fusarium graminearum"	"Ascomycet"	"necrotroph"	"barley"	"p6i"	"ubiquitin promotor "	"FgCYP51C"	238	1	1554	163	400	9	"growth inhibition"	5	"agrobacterium-mediated transformation"	"Koch et al. 2019 "	"https://doi.org/10.1111/mpp.12866"					
33	"HIGS"	"Fusarium graminearum"	"Ascomycet"	"necrotroph"	"barley"	"p6i"	"ubiquitin promotor "	"FgCYP51C"	238	1	1554	163	400	55	"gene expression"	5	"agrobacterium-mediated transformation"	"Koch et al. 2019 "	"https://doi.org/10.1111/mpp.12866"					
33	"HIGS"	"Fusarium graminearum"	"Ascomycet"	"necrotroph"	"barley"	"p6i"	"ubiquitin promotor "	"FgCYP51A/CYP51B (-> double construct)"	"294;220"	2	"1524;1581"	"315;636"	"608;855"	53	"growth inhibition"	5	"agrobacterium-mediated transformation"	"Koch et al. 2019 "	"https://doi.org/10.1111/mpp.12866"					
33	"HIGS"	"Fusarium graminearum"	"Ascomycet"	"necrotroph"	"barley"	"p6i"	"ubiquitin promotor "	"FgCYP51A/CYP51B (-> double construct)"	"294;220"	2	"1524;1581"	"315;636"	"608;855"	"65;not significant"	"gene expression"	5	"agrobacterium-mediated transformation"	"Koch et al. 2019 "	"https://doi.org/10.1111/mpp.12866"					
33	"HIGS"	"Fusarium graminearum"	"Ascomycet"	"necrotroph"	"barley"	"p6i"	"ubiquitin promotor "	"FgCYP51B/CYP51C (-> double construct)"	"220;238"	2	"1581;1554"	"636;163"	"855;400"	62	"growth inhibition"	5	"agrobacterium-mediated transformation"	"Koch et al. 2019 "	"https://doi.org/10.1111/mpp.12866"					
33	"HIGS"	"Fusarium graminearum"	"Ascomycet"	"necrotroph"	"barley"	"p6i"	"ubiquitin promotor "	"FgCYP51B/CYP51C (-> double construct)"	"220;238"	2	"1581;1554"	"636;163"	"855;400"	"not significant"	"gene expression"	5	"agrobacterium-mediated transformation"	"Koch et al. 2019 "	"https://doi.org/10.1111/mpp.12866"					
33	"HIGS"	"Fusarium graminearum"	"Ascomycet"	"necrotroph"	"barley"	"p6i"	"ubiquitin promotor "	"FgCYP51A/FgCYP51C (-> double construct)"	"294;238"	2	"1524;1554"	"315;163"	"608;400"	39	"growth inhibition"	5	"agrobacterium-mediated transformation"	"Koch et al. 2019 "	"https://doi.org/10.1111/mpp.12866"					
33	"HIGS"	"Fusarium graminearum"	"Ascomycet"	"necrotroph"	"barley"	"p6i"	"ubiquitin promotor "	"FgCYP51A/FgCYP51C (-> double construct)"	"294;238"	2	"1524;1554"	"315;163"	"608;400"	"50;70"	"gene expression"	5	"agrobacterium-mediated transformation"	"Koch et al. 2019 "	"https://doi.org/10.1111/mpp.12866"					
34	"HIGS"	"Botrytis cinerea "	"Ascomycet"	"necrotroph"	"potato"	"KANA303 (destination vector; modified pEarleyGate303)"	"p35S"	"BcTOR"	349	1	7119	939	1288	43.52	"disease reduction"	3	"Agrobacterium-mediated transformation"	"Xiong et al. 2019"	"https://doi.org/10.1111/mpp.12873"					
34	"HIGS"	"Botrytis cinerea "	"Ascomycet"	"necrotroph"	"potato"	"KANA303 (destination vector; modified pEarleyGate303)"	"p35S"	"BcTOR"	349	1	7119	5624	5973	63.54	"disease reduction"	3	"Agrobacterium-mediated transformation"	"Xiong et al. 2019"	"https://doi.org/10.1111/mpp.12873"					
34	"HIGS"	"Botrytis cinerea "	"Ascomycet"	"necrotroph"	"potato"	"KANA303 (destination vector; modified pEarleyGate303)"	"p35S"	"BcTOR"	349	1	7119	6319	6668	87.91	"disease reduction"	3	"Agrobacterium-mediated transformation"	"Xiong et al. 2019"	"https://doi.org/10.1111/mpp.12873"					
34	"HIGS"	"Botrytis cinerea "	"Ascomycet"	"necrotroph"	"potato"	"KANA303 (destination vector; modified pEarleyGate303)"	"p35S"	"BcTOR"	349	1	7119	939	1288	30.33	"biomass"	3	"Agrobacterium-mediated transformation"	"Xiong et al. 2019"	"https://doi.org/10.1111/mpp.12873"					
34	"HIGS"	"Botrytis cinerea "	"Ascomycet"	"necrotroph"	"potato"	"KANA303 (destination vector; modified pEarleyGate303)"	"p35S"	"BcTOR"	349	1	7119	5624	5973	55	"biomass"	3	"Agrobacterium-mediated transformation"	"Xiong et al. 2019"	"https://doi.org/10.1111/mpp.12873"					
34	"HIGS"	"Botrytis cinerea "	"Ascomycet"	"necrotroph"	"potato"	"KANA303 (destination vector; modified pEarleyGate303)"	"p35S"	"BcTOR"	349	1	7119	6319	6668	94	"biomass"	3	"Agrobacterium-mediated transformation"	"Xiong et al. 2019"	"https://doi.org/10.1111/mpp.12873"					
34	"HIGS"	"Botrytis cinerea "	"Ascomycet"	"necrotroph"	"potato"	"KANA303 (destination vector; modified pEarleyGate303)"	"p35S"	"BcTOR"	349	1	7119	939	1288	56.33	"gene expression"	3	"Agrobacterium-mediated transformation"	"Xiong et al. 2019"	"https://doi.org/10.1111/mpp.12873"					
34	"HIGS"	"Botrytis cinerea "	"Ascomycet"	"necrotroph"	"potato"	"KANA303 (destination vector; modified pEarleyGate303)"	"p35S"	"BcTOR"	349	1	7119	5624	5973	94.5	"gene expression"	3	"Agrobacterium-mediated transformation"	"Xiong et al. 2019"	"https://doi.org/10.1111/mpp.12873"					
34	"HIGS"	"Botrytis cinerea "	"Ascomycet"	"necrotroph"	"potato"	"KANA303 (destination vector; modified pEarleyGate303)"	"p35S"	"BcTOR"	349	1	7119	6319	6668	92.33	"gene expression"	3	"Agrobacterium-mediated transformation"	"Xiong et al. 2019"	"https://doi.org/10.1111/mpp.12873"					
34	"HIGS"	"Botrytis cinerea "	"Ascomycet"	"necrotroph"	"tomato"	"KANA303 (destination vector; modified pEarleyGate303)"	"p35S"	"BcTOR"	349	1	7119	939	1288	65.96	"disease reduction"	3	"Agrobacterium-mediated transformation"	"Xiong et al. 2019"	"https://doi.org/10.1111/mpp.12873"					
34	"HIGS"	"Botrytis cinerea "	"Ascomycet"	"necrotroph"	"tomato"	"KANA303 (destination vector; modified pEarleyGate303)"	"p35S"	"BcTOR"	349	1	7119	5624	5973	36.17	"disease reduction"	3	"Agrobacterium-mediated transformation"	"Xiong et al. 2019"	"https://doi.org/10.1111/mpp.12873"					
34	"HIGS"	"Botrytis cinerea "	"Ascomycet"	"necrotroph"	"tomato"	"KANA303 (destination vector; modified pEarleyGate303)"	"p35S"	"BcTOR"	349	1	7119	6319	6668	79.58	"disease reduction"	3	"Agrobacterium-mediated transformation"	"Xiong et al. 2019"	"https://doi.org/10.1111/mpp.12873"					
34	"HIGS"	"Botrytis cinerea "	"Ascomycet"	"necrotroph"	"tomato"	"KANA303 (destination vector; modified pEarleyGate303)"	"p35S"	"BcTOR"	349	1	7119	939	1288	61	"biomass"	3	"Agrobacterium-mediated transformation"	"Xiong et al. 2019"	"https://doi.org/10.1111/mpp.12873"					
34	"HIGS"	"Botrytis cinerea "	"Ascomycet"	"necrotroph"	"tomato"	"KANA303 (destination vector; modified pEarleyGate303)"	"p35S"	"BcTOR"	349	1	7119	5624	5973	42	"biomass"	3	"Agrobacterium-mediated transformation"	"Xiong et al. 2019"	"https://doi.org/10.1111/mpp.12873"					
34	"HIGS"	"Botrytis cinerea "	"Ascomycet"	"necrotroph"	"tomato"	"KANA303 (destination vector; modified pEarleyGate303)"	"p35S"	"BcTOR"	349	1	7119	6319	6668	92.33	"biomass"	3	"Agrobacterium-mediated transformation"	"Xiong et al. 2019"	"https://doi.org/10.1111/mpp.12873"					
34	"HIGS"	"Botrytis cinerea "	"Ascomycet"	"necrotroph"	"tomato"	"KANA303 (destination vector; modified pEarleyGate303)"	"p35S"	"BcTOR"	349	1	7119	939	1288	50.5	"gene expression"	3	"Agrobacterium-mediated transformation"	"Xiong et al. 2019"	"https://doi.org/10.1111/mpp.12873"					
34	"HIGS"	"Botrytis cinerea "	"Ascomycet"	"necrotroph"	"tomato"	"KANA303 (destination vector; modified pEarleyGate303)"	"p35S"	"BcTOR"	349	1	7119	5624	5973	20	"gene expression"	3	"Agrobacterium-mediated transformation"	"Xiong et al. 2019"	"https://doi.org/10.1111/mpp.12873"					
34	"HIGS"	"Botrytis cinerea "	"Ascomycet"	"necrotroph"	"tomato"	"KANA303 (destination vector; modified pEarleyGate303)"	"p35S"	"BcTOR"	349	1	7119	6319	6668	84	"gene expression"	3	"Agrobacterium-mediated transformation"	"Xiong et al. 2019"	"https://doi.org/10.1111/mpp.12873"					
35	"HIGS"	"Rhizoctonia solani"	"Basiodiomycet"	"necrotroph"	"tall fescue (Festuca arundinacea) "	"pANIC8A "		"RNApoly + Imbs (targeting two gene segments)"	"350;388"	2	"3660;1779"	"502;547"	"846;884"	75.15	"disease reduction"		"agrobacterium-mediated transformation; native (original) fused segments of two genes (named NR)"	"Zhou et al 2015"	"https://doi.org/10.1007/s00299-015-1921-7"					
35	"HIGS"	"Rhizoctonia solani"	"Basiodiomycet"	"necrotroph"	"tall fescue (Festuca arundinacea) "	"pANIC8A "		"RNApoly + Imbs (targeting two gene segments)"	"350;388"	2	"3660;1779"	"502;547"	"846;884"	"not significant"	"disease reduction"		"agrobacterium-mediated transformation; modified fused segments of two genes (named MR) -> transgene modification to avoid off-target effects -> gene sequence after modification should maintain ist silencing effect for th etarget gene and should have minimized silencing effects on non-target genes "	"Zhou et al 2015"	"https://doi.org/10.1007/s00299-015-1921-7"					
35	"HIGS"	"Rhizoctonia solani"	"Basiodiomycet"	"necrotroph"	"tall fescue (Festuca arundinacea) "	"pANIC8A "		"Coh + UbiE3 (targeting two gene segments)"	"394;424"	2	"3699;2304"	"3340;1341"	"3677;1673"	"not significant"	"disease reduction"		"agrobacterium-mediated transformation; native (original) fused segments of two genes (named NC)"	"Zhou et al 2015"	"https://doi.org/10.1007/s00299-015-1921-7"					
35	"HIGS"	"Rhizoctonia solani"	"Basiodiomycet"	"necrotroph"	"tall fescue (Festuca arundinacea) "	"pANIC8A "		"Coh + UbiE3 (targeting two gene segments)"	"394;424"	2	"3699;2304"	"3340;1341"	"3677;1673"	73.22	"disease reduction"		"agrobacterium-mediated transformation; modified fused segments of two genes (named MC) -> transgene modification to avoid off-target effects -> gene sequence after modification should maintain ist silencing effect for th etarget gene and should have minimized silencing effects on non-target genes "	"Zhou et al 2015"	"https://doi.org/10.1007/s00299-015-1921-7"					
36	"HIGS"	"Botrytis cinerea "	"Ascomycet"	"necrotroph"	"Arabidopsis"	"pHellsgate"		"BcDCL1 + BcDCL2 (-> double construct)"	"252;238"	2	"5907;4572"	"2079;957"	"2330;1194"	73	"disease reduction"	3	"agrobacterium-mediated transformation"	"Wang et al. 2016"	"DOI: 10.1038/NPLANTS.2016.151"					
36	"HIGS"	"Botrytis cinerea "	"Ascomycet"	"necrotroph"	"Arabidopsis"	"pHellsgate"		"BcDCL1 + BcDCL2 (-> double construct)"	"252;238"	2	"5907;4572"	"2079;957"	"2330;1194"	92	"biomass"	3	"agrobacterium-mediated transformation"	"Wang et al. 2016"	"DOI: 10.1038/NPLANTS.2016.151"					
36	"HIGS"	"Botrytis cinerea "	"Ascomycet"	"necrotroph"	"Arabidopsis"	"pHellsgate"		"BcDCL1 + BcDCL2 (-> double construct)"	"252;238"	2	"5907;4572"	"2079;957"	"2330;1194"	60	"gene expression"	3	"agrobacterium-mediated transformation"	"Wang et al. 2016"	"DOI: 10.1038/NPLANTS.2016.151"					
36	"HIGS"	"Botrytis cinerea "	"Ascomycet"	"necrotroph"	"tomato"	"pHellsgate"		"BcDCL1 + BcDCL2 (-> double construct)"	"252;238"	2	"5907;4572"	"2079;957"	"2330;1194"	100	"disease reduction"	3	"virus-induced gene silencing (VIGS); transformation through tobacco rattle virus (TRV)"	"Wang et al. 2016"	"DOI: 10.1038/NPLANTS.2016.151"					
36	"HIGS"	"Botrytis cinerea "	"Ascomycet"	"necrotroph"	"tomato"	"pHellsgate"		"BcDCL1 + BcDCL2 (-> double construct)"	"252;238"	2	"5907;4572"	"2079;957"	"2330;1194"	70	"gene expression"	3	"virus-induced gene silencing (VIGS); transformation through tobacco rattle virus (TRV)"	"Wang et al. 2016"	"DOI: 10.1038/NPLANTS.2016.151"					
36	"HIGS"	"Botrytis cinerea"	"Ascomycet"	"necrotroph and hemibiotroph"	"Arabidopsis"	"pHellsgate"		"BcDCL1 + BcDCL2 + VdDCL1 + VdDCL2"	"164;151;156;156"	4	"NA;NA;1692;NA"	"NA;NA;2663:NA"	"NA;NA;4692;NA"	70	"disease reduction"	3	"agrobacterium-mediated transformation; expressed hairpin RNAs simultaneously target DCL genes of B. cinerea and V. dahlia"	"Wang et al. 2016"	"DOI: 10.1038/NPLANTS.2016.151"					
36	"HIGS"	"Botrytis cinerea"	"Ascomycet"	"necrotroph and hemibiotroph"	"Arabidopsis"	"pHellsgate"		"BcDCL1 + BcDCL2 + VdDCL1 + VdDCL2"	"164;151;156;156"	4	"NA;NA;1692;NA"	"NA;NA;2663:NA"	"NA;NA;4692;NA"	70	"biomass"	3	"agrobacterium-mediated transformation; expressed hairpin RNAs simultaneously target DCL genes of B. cinerea and V. dahlia"	"Wang et al. 2016"	"DOI: 10.1038/NPLANTS.2016.151"					
36	"HIGS"	"Botrytis cinerea"	"Ascomycet"	"necrotroph and hemibiotroph"	"Arabidopsis"	"pHellsgate"		"BcDCL1 + BcDCL2 + VdDCL1 + VdDCL2"	"164;151;156;156"	4	"NA;NA;1692;NA"	"NA;NA;2663:NA"	"NA;NA;4692;NA"	70	"gene expression"	3	"agrobacterium-mediated transformation; expressed hairpin RNAs simultaneously target DCL genes of B. cinerea and V. dahlia"	"Wang et al. 2016"	"DOI: 10.1038/NPLANTS.2016.151"					
36	"HIGS"	"Verticilium dahlia "	"Ascomycet"	"necrotroph and hemibiotroph"	"Arabidopsis"	"pHellsgate"		"BcDCL1 + BcDCL2 + VdDCL1 + VdDCL2"	"164;151;156;156"	4	"NA;NA;1692;NA"	"NA;NA;2663:NA"	"NA;NA;4692;NA"	83	"biomass"	21		"Wang et al. 2016"	"DOI: 10.1038/NPLANTS.2016.151"					
36	"HIGS"	"Verticilium dahlia "	"Ascomycet"	"necrotroph and hemibiotroph"	"Arabidopsis"	"pHellsgate"		"BcDCL1 + BcDCL2 + VdDCL1 + VdDCL2"	"164;151;156;156"	4	"NA;NA;1692;NA"	"NA;NA;2663:NA"	"NA;NA;4692;NA"	70	"gene expression"	21		"Wang et al. 2016"	"DOI: 10.1038/NPLANTS.2016.151"					
	"HIGS"	"Fusarium graminearum"	"Ascomycet"	"necrotroph"	"Arabidopsis"	"p7U10"	"p35S"	"FgCYP51A"	"500nt"			"target region 291-790nt (coding sequence 1524bp) "		"Growth inhibition of Fg: 46%                                                   reduction target gene expression: 73%                                     "		"5dpi"	"5 week old plants for inoculation; wound inoculation of detached leaves with 5µl Fusarium conidia suspension"	"Höfle et al. 2020"	"https://doi.org/10.1080/15476286.2019.1700033"					
	"HIGS"								"800nt"			"target region 291-1090nt (coding sequence 1524bp)"		"Growth inhibition of Fg: 39%                                                   reduction target gene expression: 85%"										
	"HIGS"								"1518nt"			"target region 4-1521nt (coding sequence 1524bp)"		"Growth inhibition of Fg: 48%                                                   reduction target gene expression: 100%"										
	"HIGS"							"FgCYP51B"	"400nt"			"target region 557-956nt (coding sequence 1581bp)"		"Growth inhibition of Fg: 55%                                                   reduction target gene expression: 52%"										
	"HIGS"								"800nt"			"target region 361-1160nt (coding sequence 1581bp)"		"Growth inhibition of Fg: 69%                                                   reduction target gene expression: 60%"										
	"HIGS"								"1575nt"			"target region 4-1578nt (coding sequence 1581bp)"		"Growth inhibition of Fg: 56%                                                    reduction target gene expression: 100% "										
	"HIGS"							"FgCYP51C"	"400nt"			"target region 138-537nt (coding sequence 1554bp)"		"Growth inhibition of Fg: 66%                                                        reduction target gene expression: 70%"										
	"HIGS"								"800nt"			"target region 138-937nt (coding sequence 1554bp)"		"Growth inhibition of Fg: 58%                                                   reduction target gene expression: 56%"										
	"HIGS"								"1548nt"			"target region 4-1551nt (coding sequence 1554bp)"		"Growth inhibition of Fg: 51%                                                   reduction target gene expression: 100%"										
	"HIGS"	"Sclerotinia sclerotiorum"	"Ascomycet"	"necrotroph"	"Nicotiana benthamiana "	"TRV2 vector"		"Sscnd1"	"VIGS-Scnd1-1 218bp"			"mit dem Gen von HIGS (unten) werden die entsprechenden Sequenzen nicht in der angegebenen Länge gefunden"		"reduction target gene expression: 63%                            reduction lesion area: 51%"		"48hpi"	"TRV-mediated transient silencing (tobacco rattle mosaic virus); two fragments of Sscnd1 named VIGS-Sscnd1-1 and VIGS-Sscnd1-2; inoculation 7dpt"	"Ding et al. 2021"	" https://doi.org/10.3389/fmicb.2021.693334"					
	"HIGS"								"VIGS-Scnd1-2 296bp"					"reduction target gene expression: 66%                            reduction lesion area: 56%"										
	"HIGS"				"Arabidopsis"	"pBinGlyRed3"	"35S"		"418bp"			"target region 26-443nt (coding sequence 747bp)"		"reduction lesion area: 37,66%                                                 reduction target gene expression: 72,5%"		"24hpi"	"stable transgenic plants; Agrobacterium tumefaciens-mediated HIGS; T3 generation; leave assay"							
	"HIGS"													"reduction lesion area: 61,66%                                                 reduction target gene expression: 72,5%"			"stable transgenic plants; Agrobacterium tumefaciens-mediated HIGS; T3 generation; whole plant assay"							
	"HIGS"	"Botrytis cinerea"	"Ascomycet"	"necrotroph"	"Arabidopsis"	"pBinGlyRed3"	"35S"	"Bccnd1"	"418bp"			"same construct as for S. sclerotiorum bzw. same transgene Arabidopsis plants"		"lesion area (cm^2):                                                                       control 0,84                                                                                              0,575                                                                                                    -> reduction lesion area: 31,6%                                               target gene expression:                                                             control 13                                                                                         8                                                                                                            -> reduction target gene expression: 38,47%"		"24hpi"	"HIGS-Sscnd1 lines were challenged with B.cinerea"							
	"HIGS"	"Sclerotinia sclerotiorum"	"Ascomycet"	"necrotroph"	"soybean"	"pBPMV-IA-V1 (viral vector RNA2 plasmid)"		"Ssoah1"	"365bp"			"target region 376-721nt (coding sequence 1017bp)                      (stimmt nicht mit den Primern überein!! Angegebene Sequenz zu kurz auf den Gen!! -> 346bp)"		"73% reduction of the area under the disease progress curve"		"24-120hpi"	"BPMV-mediated HIGS; segments were co-bombarded into seedlings using gold particles coated with plasmid DNA"	"McCaghey et al. 2021"	" https://doi.org/10.3389/fpls.2021.677631"					
	"HIGS"													"Log mean lesion length:                                                             1,375                                                                                                   control 2,25                                                                                      -> reduction: 38,89%"		"72hpi"								
	"HIGS"													"reduction target gene expression:                                        60%"		"48hpi"								
	"HIGS"	"Rhizoctonia solani "	"Basidiomycet"	"necrotroph"	"tobacco"	"pTRV2"		"Rstps2"						"relative infection area:                                                               control (GFP-plants) 47%                                                           Rstps2 plants 6,02%                                                                      -> disease reduction: 87,2%"		"5dpi"	"TRV-mediated transient silencing (tobacco rattle mosaic virus); Agrobacterium solution was infiltrated into the first and second leaves of 2-week-old N. benthamiana using a needleless syringe"	"Chen et al. 2021"	"https://doi.org/10.1111/mpp.13130"					
	"HIGS"													"reduction target gene expression: 75,2%"										
	"HIGS"				"rice"	"pBDL03"								"relative infection area:                                                               control (GFP-plants) 59,45%                                                           Rstps2 plants 9,34%                                                                      -> disease reduction: 84,29%"		"5dpi"	"agrobacterium-nediated method; stable rice transformants "							
	"HIGS"	"Sclerotinia sclerotiorum"	"Ascomycet"	"necrotroph"	"raps"	"pMDC83"	"double CaMV 35S promotor"	"SsPG1"	"381bp"	"target region 296-676nt (coding sequence 1143bp)"		"target region 296-676nt (coding sequence 1143bp)"		"reduction disease lesion area: 26,7-38,7%                         reduction target gene expression: 48,9%"		"48hpi"	"Agrobacterium-mediated HIGS"	"Wu et al. 2021"	"https://doi.org/10.1016/j.cj.2021.08.007"					
	"HIGS"							"SsOAH1"	"351bp"	"target region 291-641nt (coding sequence 1017bp) "		"target region 291-641nt (coding sequence 1017bp) "		"reduction disease lesion area: 24,7-34,4%                         reduction target gene expression: 33,9%"		"48hpi"								
	"HIGS"							"SsCBH"	"425bp"	"target region 470-894nt (coding sequence 1353bp)                       (-> hypothetical protein!!)"		"target region 470-894nt (coding sequence 1353bp)                       (-> hypothetical protein!!)"		"reduction disease lesion area: 20,8-26,8%                         reduction target gene expression: 7,6%"		"48hpi"								
	"HIGS"							"SsPG1 + SsOAH1 + SsCBH (triple construct)"	"750bp (250bp fragment of each)"	"not found!!"		"not found!!"		"reduction disease lesion area: 36,8-43,7%                         target gene reduction: 70% (SsPG1); 65% (SsOHA1), 31,67% (SsCBH)"		"48hpi"								
	"HIGS"	"Fusarium oxysporum cubense"	"Ascomycet"	"hemibiotroph"	"banana"	"pCAMBIA-1301"	"maize polyubiquitin vector"	"velvet"	"371bp (velvet-coding region)"			"target region 262-632nt (coding sequence 1599bp)"		"disease reduction: 75%"		"6 Wochen langes Bioassay mit Bananenpflanzen"	"Agrobacterium-mediated gentic transformation"	"Ghag et al. 2014"	"https://doi.org/10.1111/pbi.12158"					
	"HIGS"							"transcription factor 1 (ftf1)"	"299bp (ftf1-coding region)"			"target region 1795-2093nt (coding sequence 3240bp)"		"disease reduction: 70,83%"		"6 Wochen langes Bioassay mit Bananenpflanzen"	"Agrobacterium-mediated genetic transformation"							
	"HIGS"	"Fusarium culmorum"	"Ascomycet"	"hemibiotroph"	"wheat"	"pIPKb017"		"FcGls1"	"500bp"			"nur partielle cds wird gefunden "		"disease reduction: 63,5%"			"Agrobacterium-mediated genetic transformation; semi-open greenhouse experiment; whole plants"	"Chen et al. 2016"	"https://doi.org/10.1093/jxb/erw263"					
	"HIGS"													"lesion size: transgene Pflanzen mit pIPKb027_Gls1: 0,65; Kontrolle"		"4-5 dpi"	"F. culmorum leave infection of transgenic wheat leaves; detached second leave segments of transgenic wheat lines were needle-pricked and inoculated with F. culmorum"							
	"HIGS"					"pIPKb017"		"FcGls1, FcFmk1, FcChsV (triple construct)"	"FcGls1=300bp                                           FcFmk1=300bp                                   FcChsV=385bp"			"target region FcGls1 3594-3893nt (coding sequence 6792bp)               target region FcFmk1 633-932nt (coding sequence 1712bp)                  target region FcChsV 3146-3530nt (coding sequence 5703bp)"		"disease reduction: 78%"			"Agrobacterium-mediated genetic transformation; semi-open greenhouse experiment; whole plants"							
	"HIGS"													"lesion size: transgene Pflanzen mit pIPKb027_CFG: ; Kontrolle"		"4-5 dpi"	"F. culmorum leave infection of transgenic wheat leaves; detached second leave segments of transgenic wheat lines were needle-pricked and inoculated with F. culmorum"							
	"HIGS"	"Fusarium oyxsporum conglutinans"	"Ascomycet"	"hemibiotroph"	"Arabidopsis"	"pUQC247 (binary vector)"	"CaMV 35S (Cauliflower mosaic virus 35S promotor)"	"FOW2 (F.oxysporum Wilt 2)"	"846bp"			"target region 538-1383nt (coding sequence 1992bp)"		"reduction target gene expression: 76,5%"		"7dpi"	"transformation was done doing floral dipping"	"Hu et al. 2015"	"https://doi.org/10.3389/fchem.2015.00001"					
	"HIGS"													"disease reduction: -20%"										
	"HIGS"					"pUQC247 (binary vector)"	"CaMV 35S "	"FRP1 (F-box protein required for pathogenicity 1)"	"816bp"			"target region 441-1256nt (coding sequence 1581bp)"		"reduction target gene expression: 83%"										
	"HIGS"													"disease reduction: 50%"										
	"HIGS"					"pART27 (binary vector)"	"CaMV 35S "	"OPR (12-oxophytodienoate-10,11-reductase gene)"	"746bp"			"Genbank AFQF01002613                                                                            Gen nicht gefunden"		"reduction target gene expression: 72,33%"										
	"HIGS"													"disease reduction: 60,54% "										
	"HIGS"	"Fusarium oxysporum lycopersici"	"Ascomycet"	"hemibiotroph"	"tomato"	"pART27 (binary vector)"	"35S"	"FOW2 + chsV (-> double construct)"	"FOW2 370bp (328bp??)                                       chsV 311bp"			"FOW2 target region 636-963nt (coding sequence 1992bp)                                   Accession No. AB266616.1                                                                       chsV target region 1195-1505nt (coding sequence 5592bp)                              Accession No. AF484941.1"		"disease reduction by 100%                                               reduction target gene expression: 42,75% (chsV) and 29,2%"		"8 weeks after Inoculation"	"transformation by Agrobacterium tumefaciens"	"Bharti et al. 2017"	"https://doi.org/10.1007/s12033-017-0022-y"					
	"HIGS"																							
	"HIGS"	"Fusarium oxysporum"	"Ascomycet"	"hemibiotroph"	"banana"			"ERG6 (ERG6A und ERG6B)(double construct)"	"ERG6A 430bp                                                           ERG6B 413bp"			"target region ERG6A 110-539nt (coding sequence 1149bp)                    target region ERG6B 587-999nt (coding sequence 1146bp)                    (gleiche Genbezeichnung (Fusarium oxysporum f. sp. lycopersici 4287 sterol 24-C-methyltransferase mRNA) aber beides unterschiedliche Gene: einmal XM_018395733.1 und einmal XM_018387794.1)"		"disease reduction: 81,39%"		"14dai"	"whole plants"	"Dou et al. 2019"	"https://doi.org/10.1111/pbi.13204"					
	"HIGS"													"reduction ERG6A gene expression: 86,38%            reduction ERG6B gene expression: 75,85%"										
	"HIGS"													"85% of the WT plants showed fusarium wilt symptomes; 30% of the RNAi-plants were sensitiv for Fusarium wilt symptomes"			"open field"							
	"HIGS"							"ERG11 (ERG11B, ERG11A, ERG11C)(triple construct)"	"ERG11B 328bp                                                         ERG11A 665bp                                                        ERG11C 267bp"			"ERG11B target region 800-1127nt (coding sequence 1584bp)                                                                                                             ERG11A target region 397-1061nt (coding sequence 1143bp)                                                                                                            ERG11C target region 973-1239nt (coding sequence 1557bp)                                                                                                           (3 unterschiedliche Gene: XM_018393093.1, XM_018391224.1, XM_018376712.1)"		"disease reduction: 81,39%"		"14dpi"	"whole plants"							
	"HIGS"													"reduction ERG11A gene expression: 77,07%   reduction ERG11B gene expression: 82,43%                     reduction ERG11C gene expression: 85,56%"										
	"HIGS"													"85% vom WT zeigten Fusarium wilt symptomes; 15% der RNAi-plants waren sensitiv für Fusarium wilt symptomes"			"open field"							
	"HIGS"	"Verticilium dahlia"	"Ascomycet"	"hemibiotroph"	"Arabidospis"	"pFAST R03"	"CaMV35S "	"Ave1"	"402bp"			"target region 1-402nt (coding sequence 405bp)"		"no significant effects "		"21dpi"	"hairpin RNA formation"	"Song and Thomma 2018"	"https://doi.org/10.1111/mpp.12500"					
	"HIGS"				"Tomato"	"TRV2 vector"		"Sge1"	"246bp"			"target region 87-332nt (coding sequence 1533bp)                                    (Gen codiert für pac2 Protein, das nah verwandt ist mit SGE1 bzw. Regionen in pac2 enthalten sind; XM_009658676.1)"		"no significant effects"		"14dpi"	"TRV-mediated Sge1 silencing in tomato plants"							
	"HIGS"				"Arabidopsis"	"pHellsgate 12"								"reduction fungal biomass: 60%"		"21dpi"	"transgenic A.thaliana plants: HIGS"							
	"HIGS"				"Tomato"	"TRV2 vector"		"NLP1"	"210bp"			"target region 211-420nt (coding sequence 702bp; AY524789.1)"		"reduction fungal biomass: 68,75%                                                               "		"14dpi"	"TRV-mediated NLP1 silencing in Tomato; Agroinfiltration with the TRV::NLP1"							
	"HIGS"				"Arabidopsis"	"pHellsgate 12"								"reduction fungal biomass: 91,5%       "		"21dpi"	"transgenic A.thaliana plants: HIGS"							
	"HIGS"	"Verticilium dahlia"	"Ascomycet"	"hemibiotroph"	"Cotton"	"pTRV1 und pTRV vectors"		"VdRGS1"	"TRV:VdRGS1-1  500bp         "			"target region 1-500nt (coding sequence 2130bp)"		"no reduction in relative expression of the targetgen"		"15dpi"	"Tobacco rattle virus-mediated HIGS; Inoculation with V.dahlia isolate Vd8"	"Xu et al. 2018"	"https://doi.org/10.1111/pbi.12900"					
	"HIGS"													"no significant reduction of the percentage of diseased leaves "										
	"HIGS"													"reduction target gene expression: 71,43%"			"Tobacco rattle virus-mediated HIGS; Inoculation with V.dahlia isolate V991"							
	"HIGS"													"disease reduction: 55%                                                                            "										
	"HIGS"								"TRV:VdRGS1-2 501bp"			"target region 501-1000nt (coding sequence 2130bp)"		"reduction reduction target gene expression: 76,97%"			"Tobacco rattle virus-mediated HIGS; Inoculation with V.dahlia isolate Vd8"							
	"HIGS"													"disease reduction: 54,55%                                                                              "										
	"HIGS"													"no significant reduction in relative expression of VdRGS1"			"Tobacco rattle virus-mediated HIGS; Inoculation with V.dahlia isolate V991"							
	"HIGS"													"no significant (no relevant) reduction in the percentage of diseased leaves"										
	"HIGS"								"TRV:VdRGS1-3 500bp"			"target region 1001-1500nt (coding sequence 2130bp)"		"reduction target gene expression: 50,66%"			"Tobacco rattle virus-mediated HIGS; Inoculation with V.dahlia isolate Vd8"							
	"HIGS"													"disease reduction: 45,46%                                                                            "										
	"HIGS"													"no significant reduction in relative expression of VdRGS1"			"Tobacco rattle virus-mediated HIGS; Inoculation with V.dahlia isolate V991"							
	"HIGS"													"no significant (no relevant) reduction in the percentage of diseased leaves"										
	"HIGS"								"TRV:VdRGS1-4  499bp"			"target region 1629-2127nt (coding sequence 2130bp)"		"no reduction in relative expression of the targetgen"			"Tobacco rattle virus-mediated HIGS; Inoculation with V.dahlia isolate Vd8"							
	"HIGS"													"no significant reduction of the percentage of diseased leaves "										
	"HIGS"													"reduction target gene expression: 50%"			"Tobacco rattle virus-mediated HIGS; Inoculation with V.dahlia isolate V991"							
	"HIGS"													"disease reduction: 34%                                                                         "										
	"HIGS"	"Verticilium dahlia"	"Ascomycet"	"biotroph (some studies define it as biotroph and some as hemibiotroph)"	"cotton"	"???"	"35S promotor"	"VdH1"	"472bp (380bp??)"			"target region 822-1293nt (coding sequence 1893bp)                      -> nicht nur exons auch introns; mit nur coding sequenz nichts gefunden"		"disease resistance: 77,42% "		"20dpi"	"generated transgenic cotton plants expressing an RNAi construct of VdH1 (VdH1i) under the 35S promoter"	"Zhang et al. 2016"	"https://doi.org/10.1016/j.molp.2016.02.008"					
	"HIGS"	"Verticillium dahlia"	"Ascomycet"	"hemibiotroph"	"N.benthamiana"	"TRV vector"	"cauliflower mosaic viral 35S promotor"	"VdAK"	"536bp"			"target region 24-559nt (coding sequence 804bp)"		"disease resistance: 75%"		"12dpi"	"target fragments were cloned into tobacco rattle virus (TRV) vector -> TRV:00 or its derivatives were independently transformed into Agrobacterium tumefaciens by electroporation -> constructs were agroinfiltrated into seedlings with a needleless syringe"	"Su et al. 2020"	" https://doi.org/10.3390/biom10010127"					
	"HIGS"					"pK7GWIWG2 "								"reduction fungal biomass:                                                        root: 69%                                                                                                  Stem: 45,02% (up to 61%)                                                           Leaves: 43,29% (up to 73,26%)                                                                                              "			"Target fragment was produced by PCR amplification from Vd cDNA -> cloned into intermediate vector pDONR207 -> recombination reaction between entry plasmid pDONR207::VdAK and destination vector pK7GWIWG2 -> sequence-verified plasmid was transformed into A.tumefaciens by electroporation to transform N.benthamiana and A.thaliana using leaf disc co-cultivation method and floral dip method"							
	"HIGS"				"A.thaliana"									"reduction fungal biomass: 38%"										
	"HIGS"	"Colletotrichum gloeosporioides"	"Ascomycet"	"hemibiotroph"	"tomato"	"pMVR-hp (RNAi plant transformation vector)                      "	"cauliflower mosaic virus 35S promotor (CaMV35S)"	"CgCOM1"	"168bp"			"target region 1849nt to 2016nt (coding sequence 2127bp) (XM_007282173)"		"disease reduction: 71,81%"		"3dpi"	"Agrobacterium-mediated transformation "	"Mahto et al. 2020"	"https://doi.org/10.1007/s11103-020-01046-3"					
	"HIGS"													"disease reduction: 83% "		"7dpi"								
	"HIGS"				"chilli"									"disease reduction: 83,64%"		"3dpi"								
	"HIGS"													"disease reduction: 88,02%"		"10dpi"								
	"HIGS"	"Magnaporthe oryzea"	"Ascomycet"	"hemibiotroph"	"rice "	"pANDA (pCAMBIA1300)"	"35S pro "	"MoAP1"	"(MoAP1-1245 255bp)                                                               MoAP1-1362 247bp                                                               (MoAP1-1115 242bp)                                           "			"(target region MoAP1-1245 233-487nt (coding sequence 1731bp))                                                                                                          target region MoAP1-1362 1253-1499nt (coding sequence 1731bp)                                                                                                             (target region MoAP1-1115 1008-1249nt (coding sequence 1731bp))"		"disease resistance: 86,67%"		"7dpi"	"agrobacterium-mediated transformation; three MoAP1 exon fragments containing asiR1115, asiR1245, asiR1362 were amplified; only succesfull tansgenic lines with asiR1362 -> ONLY the results of that plants are shown!!"	"Guo et al. 2019"	"https://doi.org/10.3389/fpls.2019.00433"					
	"HIGS"													"reduction target gene expression: 56,61%"										
	"HIGS"	"Magnaporthe oryzea"	"Ascomycet"	"hemibiotroph"	"rice "	"BMV RNA3 vector"		"MoABC1"	"MoABC1 257bp"			"target region MoABC1 658-914nt (coding sequence 4863bp) "		"disease reduction s (sense): 40%                                           disease reduction as (antisense): 56%                   disease reduction s+as (sense + antisense): 70%"		"10dpi"	"BMV(Brome mosaic virus)-mediated gene silencing               -> infection 5dpi                                                                               sense or antisense fragments of MoABC1, MoMAC1, MoPMK1 coding regions were inserted into BMV RNA3 component to generate silencing constructs"	"Zhu et al. 2017"	" https://doi.org/10.3390/genes8100241"					
	"HIGS"													"reduction target gene expression:                                             s (sense): 33%                                                                                as (antisense): 48%                                                                     s+as (sense + antisense): 65%"		"10dpi"								
	"HIGS"							"MoMAC1"	"MoMAC1 305bp"			"target region MoMAC1 1331-1635nt (coding sequence 6054bp)"		"disease reduction s (sense): 16%                                           disease reduction as (antisense): 23%                                disease reduction s+as (sense + antisense): 42%"		"10dpi"								
	"HIGS"													"reduction target gene expression:                                        s (sense): 22%                                                                              as (antisense): 32%                                                                      s+as (sense + antisense): 44%"		"10dpi"								
	"HIGS"							"MoPMK1"	"MoPMK1 291bp"			"target region MoPMK1 226-516nt (coding sequence 1071bp)"		"disease reduction s (sense): 45%                                          disease reduction as (antisense): 63%                                 disease reduction s+as (sense + antisense): 80%"		"10dpi"								
	"HIGS"													"relative Expression of MoPMK1:                                             s (sense): 50%                                                                              as (antisense): 70%                                                                 s+as (sense + antisense): 89%"		"10dpi"								
	"HIGS"							"MoABC1+MoMAC1+MoPMK1 (triple construct)"	"MoABC1 257bp                                           MoMAC1 305bp                                               MoPMK1 291bp "			"target region MoABC1 658-914nt (coding sequence 5560bp)                                                                                                           target region MoMAC1 1331-1635nt (coding sequence 6054bp)                                                                                                            target region MoPMK1 226-516nt (coding sequence 1071bp)"		"disease reduction: 89%"		"10dpi"	"silenced seedlings were inoculated with BMV-MoABC1as, BMV-MoMAC1as and BMV-MoPMK1as simultaneously -> BMV-Mix(as): only antisense fragments were used!"							
	"HIGS"													"reduction MoABC1 expression: 65%                                                                       reduction MoMAC1 expression: 36%                                                                       reduction MoPMK1 expression: 80%"		"10dpi"								
	"HIGS"	"Fusarium oxysporum"	"Ascomycet"	"hemibiotroph"	"soybean"		"p35S"	"Chs"	"420bp"			"target region 1936-2355nt (coding sequence 3984bp)"		"Ergebnisse für invitro Anzucht des Pilzes von den HIGS Pflanzen"				"Kong et al. 2021"	"https://doi.org/10.1111/pbi.13808"					
	"HIGS"	"Aspergillus flavus"	"Ascomycet"	"saprophytisch"	"maize "	"pTF102"	"double 35S promotor"	"aflM (ver1)"	"376bp (dsRNA: 325bp+130nt loop??)"			"target region 352-727nt (coding sequence 789bp)                         (Gene accession number XM_002379900)"		"reduction aflatoxin B1 production up to 60%"		"7 dpi"	"Agrobacterium transformation; T2"	"Raruang et al. 2020"	"https://doi.org/10.3389/fmicb.2020.00754"					
	"HIGS"													"reduction aflatoxin B1 production: 74,75% (up to 95,3%)"			"Agrobacterium transformation; T3 and T4; incubated conditions (kontrollierte Inkubationsbedingungen); assay conditions without inoculation"							
	"HIGS"													"no significant differences "			"Agrobacterium transformation; T3 and T4; natural infection under field conditions                                                                                                   -> very low levels of aflatoxin (<0,5 ppb) "							
	"HIGS"													"reduction aflatoxin production(T3): 59,3% (up to 76,4%)                                                                                                reduction aflatoxin production(T4): up to 68%"			"Agrobacterium transformation; T3 and T4; under field inoculation conditions "							
	"HIGS"	"Aspergillus flavus"	"Ascomycet"	"saprophytisch "	"maize"	"pTF101"	"CaMV double 35S promotor"	"amy1"	"358bp"			"target region 1143-1500nt (coding sequence 1500bp)"		"reduction in aflatoxin B1 production: 88,95%                                                                                                                              "		"9dpi"	"transformation of immature maize embryos with RNAi vector was carried out by the Plant Transformation Facility "	"Gilbert et al. 2018 "	"https://doi.org/10.1007/s00425-018-2875-0"					
	"HIGS"													"reduction aflatoxin B2 production: 87,56%"										
	"HIGS"	"Aspergililus flavus"	"Ascomycet"	"saprophytisch "	"peanut"	"pTF102 "	"double CaMV 35S promotor"	"aflM"	"falsche Länge der target region!!"					"reduction in fungal biomass: 26,69%                                   "		"72hpi"	"agrobacterium-mediated transformation; cotyledons from mature seeds"	"Sharma et al. 2017"	"https://doi.org/10.1111/pbi.12846"					
	"HIGS"													"reduction aflatoxin B1 production: 92,45%                                                                                              "			"agrobacterium-mediated transformation; T3 seed cotyledons"							
	"HIGS"							"aflP"	"310bp"			"target region 691-1000nt (coding sequence 1257bp)"		"reduction in fungal biomass up to 91,02%                           "			"agrobacterium-mediated transformation; cotyledons from mature seeds"							
	"HIGS"													"reduction aflatoxin B1 production: 92,45%                                                                                             "			"agrobacterium-mediated transformation; T3 seed cotyledons"							
	"HIGS"	"Aspergillus parasiticus"	"Ascomycet"	"saprophytisch "	"maize"	"pTF101.1"	"35S CaMV promotor"	"aflC"	"triple construct targets three different regions:                                                                     209bp                                                                         197bp                                                                         200bp"			"target region 1: 3041-3250nt (-> 209bp)                                              target region 2: 4444-4641nt (-> 197bp)                                              target region 3: 5942-6142nt (-> 200bp)                                              (gene sequence 6594bp/coding sequence 6330bp)                      (-> no primers for different sequences found -> no ApE file)  (gene accession number:  L42766.1)"		"no detection of aflatoxin in the transgenic lines            control plants: detection of 21.453,75ppb (average)     Ave log2 aflatoxin (control): 11,53ppd"		"infection was allowed to progress for 30 days; harvest cobs were incubated for 72 hours"	"agrobacterium-mediated transformation; developing maize ears were wounded at three to four places by pushing a cork borer (3-mm diameter) through the cob husk to a depth of 5mm -> each ear was inoculated by applying 10µl of a conidial suspension"	"Thakare et al. 2017"	"DOI: 10.1126/sciadv.1602382"					
